2022-01-11 19:23:33.534,,25,720,61.80,29.20,65
2022-01-11 19:24:33.815,,26,727,61.80,29.20,65
2022-01-11 19:25:34.096,,26,680,61.90,29.20,64
2022-01-11 19:26:34.378,,26,689,61.90,29.20,64
2022-01-11 19:27:34.659,,26,732,62.10,29.20,64
2022-01-11 19:28:34.940,,26,716,62.00,29.20,64
2022-01-11 19:29:35.222,,26,690,61.90,29.20,65
2022-01-11 19:30:35.502,,26,688,61.80,29.20,65
2022-01-11 19:31:35.784,,26,707,61.60,29.10,65
2022-01-11 19:32:36.065,,26,703,61.60,29.10,65
2022-01-11 19:33:36.347,,26,656,61.60,29.10,65
2022-01-11 19:34:36.629,,26,674,61.80,29.10,65
2022-01-11 19:35:36.910,,26,691,62.50,29.20,65
2022-01-11 19:36:37.191,,26,736,62.40,29.10,65
2022-01-11 19:37:37.473,,26,701,62.40,29.10,65
2022-01-11 19:38:37.754,,26,732,62.60,29.20,65
2022-01-11 19:39:38.034,,26,716,62.50,29.20,65
2022-01-11 19:40:38.317,,26,710,62.50,29.20,65
2022-01-11 19:41:38.598,,26,699,62.60,29.10,66
2022-01-11 19:42:38.879,,26,691,62.60,29.10,66
2022-01-11 19:43:39.161,,26,719,62.60,29.10,66
2022-01-11 19:44:39.442,,26,9,62.60,29.10,66
2022-01-11 19:45:39.723,,26,9,62.80,29.10,66
2022-01-11 19:46:40.005,,26,8,62.60,29.10,66
2022-01-11 19:47:40.286,,26,8,62.40,29.20,66
2022-01-11 19:48:40.568,,26,8,62.50,29.20,66
2022-01-11 19:49:40.849,,26,8,62.40,29.10,66
2022-01-11 19:50:41.130,,26,8,62.50,29.20,66
2022-01-11 19:51:41.411,,26,8,62.50,29.10,66
2022-01-11 19:52:41.693,,26,8,62.40,29.10,66
2022-01-11 19:53:41.974,,26,8,62.40,29.10,66
2022-01-11 19:54:42.255,,26,8,62.30,29.10,66
2022-01-11 19:55:42.537,,26,8,62.40,29.10,66
2022-01-11 19:56:42.818,,26,8,62.40,29.10,66
2022-01-11 19:57:43.099,,26,8,62.40,29.10,66
2022-01-11 19:58:43.381,,26,7,62.40,29.10,66
2022-01-11 19:59:43.661,,26,7,62.40,29.10,66
2022-01-11 20:00:43.943,,26,8,62.40,29.10,66
2022-01-11 20:01:44.224,,26,8,62.40,29.10,66
2022-01-11 20:02:44.506,,26,8,62.40,29.10,66
2022-01-11 20:03:44.787,,26,8,62.40,29.10,66
2022-01-11 20:04:45.068,,26,7,62.40,29.10,66
2022-01-11 20:05:45.350,,26,7,62.40,29.10,66
2022-01-11 20:06:45.631,,26,7,62.40,29.10,66
2022-01-11 20:07:45.912,,26,7,62.40,29.10,67
2022-01-11 20:08:46.193,,26,7,62.40,29.10,67
2022-01-11 20:09:46.475,,26,7,62.40,29.10,66
2022-01-11 20:10:46.756,,26,7,62.40,29.10,67
2022-01-11 20:11:47.037,,25,7,62.40,29.10,67
2022-01-11 20:12:47.319,,26,7,62.40,29.10,67
2022-01-11 20:13:47.600,,26,7,62.50,29.10,67
2022-01-11 20:14:47.881,,26,7,62.50,29.10,67
2022-01-11 20:15:48.163,,26,7,62.40,29.10,67
2022-01-11 20:16:48.444,,26,7,62.40,29.10,67
2022-01-11 20:17:48.726,,26,7,62.40,29.10,67
2022-01-11 20:18:49.007,,26,6,62.40,29.10,67
2022-01-11 20:19:49.288,,26,7,62.40,29.10,67
2022-01-11 20:20:49.569,,26,7,62.40,29.10,67
2022-01-11 20:21:49.851,,26,7,62.40,29.10,67
2022-01-11 20:22:50.132,,26,6,62.40,29.10,67
2022-01-11 20:23:50.413,,26,7,62.40,29.10,67
2022-01-11 20:24:50.694,,26,7,62.40,29.10,68
2022-01-11 20:25:50.976,,26,6,62.30,29.10,68
2022-01-11 20:26:51.257,,26,7,62.30,29.10,68
2022-01-11 20:27:51.539,,26,6,62.40,29.10,68
2022-01-11 20:28:51.820,,26,7,62.40,29.10,68
2022-01-11 20:29:52.101,,26,6,62.40,29.10,68
2022-01-11 20:30:52.383,,26,6,62.40,29.10,68
2022-01-11 20:31:52.664,,26,7,62.40,29.10,68
2022-01-11 20:32:52.945,,26,6,62.40,29.10,68
2022-01-11 20:33:53.227,,26,6,62.40,29.10,68
2022-01-11 20:34:53.508,,26,7,62.40,29.10,68
2022-01-11 20:35:53.789,,26,7,62.40,29.10,68
2022-01-11 20:36:54.070,,26,7,62.40,29.10,68
2022-01-11 20:37:54.352,,26,6,62.40,29.10,68
2022-01-11 20:38:54.633,,26,6,62.40,29.10,68
2022-01-11 20:39:54.914,,26,6,62.40,29.00,68
2022-01-11 20:40:55.195,,26,6,62.40,29.10,68
2022-01-11 20:41:55.477,,26,6,62.50,29.10,68
2022-01-11 20:42:55.758,,26,6,62.50,29.10,68
2022-01-11 20:43:56.039,,26,6,62.40,29.10,68
2022-01-11 20:44:56.321,,26,6,62.50,29.10,68
2022-01-11 20:45:56.602,,26,6,62.50,29.10,68
2022-01-11 20:46:56.884,,26,6,62.40,29.00,68
2022-01-11 20:47:57.165,,26,6,62.50,29.00,68
2022-01-11 20:48:57.446,,26,6,62.50,29.10,68
2022-01-11 20:49:57.727,,26,6,62.60,29.10,68
2022-01-11 20:50:58.009,,26,6,62.60,29.10,69
2022-01-11 20:51:58.290,,26,6,62.50,29.00,69
2022-01-11 20:52:58.571,,26,6,62.60,29.10,69
2022-01-11 20:53:58.853,,26,6,62.50,29.00,69
2022-01-11 20:54:59.134,,26,6,62.50,29.00,69
2022-01-11 20:55:59.416,,26,6,62.60,29.10,69
2022-01-11 20:56:59.696,,26,6,62.60,29.10,69
2022-01-11 20:57:59.978,,26,6,62.50,29.00,69
2022-01-11 20:59:00.259,,26,6,62.60,29.10,69
2022-01-11 21:00:00.540,,26,6,62.60,29.10,69
2022-01-11 21:01:00.822,,26,6,62.60,29.10,69
2022-01-11 21:02:01.103,,26,6,62.60,29.10,69
2022-01-11 21:03:01.384,,26,6,62.60,29.10,69
2022-01-11 21:04:01.666,,26,6,62.50,29.00,69
2022-01-11 21:05:01.948,,26,6,62.60,29.00,69
2022-01-11 21:06:02.228,,26,6,62.50,29.00,69
2022-01-11 21:07:02.509,,26,6,62.50,29.00,69
2022-01-11 21:08:02.792,,26,6,62.60,29.00,69
2022-01-11 21:09:03.072,,26,6,62.60,29.10,69
2022-01-11 21:10:03.353,,26,6,62.50,29.00,69
2022-01-11 21:11:03.635,,26,6,62.60,29.10,69
2022-01-11 21:12:03.917,,26,6,62.60,29.10,69
2022-01-11 21:13:04.197,,26,6,62.50,29.00,69
2022-01-11 21:14:04.480,,26,6,62.60,29.10,69
2022-01-11 21:15:04.760,,26,6,62.60,29.10,69
2022-01-11 21:16:05.041,,26,6,62.60,29.10,69
2022-01-11 21:17:05.322,,26,6,62.60,29.10,69
2022-01-11 21:18:05.604,,26,7,62.60,29.10,69
2022-01-11 21:19:05.885,,26,6,62.60,29.10,69
2022-01-11 21:20:06.166,,26,6,62.60,29.10,69
2022-01-11 21:21:06.449,,26,6,62.60,29.00,69
2022-01-11 21:22:06.729,,26,6,62.60,29.10,69
2022-01-11 21:23:07.011,,26,6,62.60,29.10,69
2022-01-11 21:24:07.291,,26,6,62.60,29.00,69
2022-01-11 21:25:07.574,,26,6,62.60,29.10,69
2022-01-11 21:26:07.854,,26,6,62.60,29.00,69
2022-01-11 21:27:08.136,,26,6,62.60,29.00,69
2022-01-11 21:28:08.417,,26,6,62.60,29.00,69
2022-01-11 21:29:08.698,,26,6,62.60,29.00,69
2022-01-11 21:30:08.981,,26,6,62.70,29.10,69
2022-01-11 21:31:09.261,,26,6,62.60,29.00,69
2022-01-11 21:32:09.543,,26,6,62.70,29.10,69
2022-01-11 21:33:09.824,,26,6,62.60,29.00,69
2022-01-11 21:34:10.106,,26,6,62.60,29.00,70
2022-01-11 21:35:10.386,,26,6,62.60,29.00,70
2022-01-11 21:36:10.668,,26,6,62.70,29.10,69
2022-01-11 21:37:10.949,,26,6,62.60,29.00,69
2022-01-11 21:38:11.230,,26,6,62.70,29.00,69
2022-01-11 21:39:11.512,,26,6,62.70,29.10,70
2022-01-11 21:40:11.793,,26,6,62.60,29.00,69
2022-01-11 21:41:12.075,,26,6,62.60,29.00,69
2022-01-11 21:42:12.356,,26,6,62.60,29.00,69
2022-01-11 21:43:12.638,,26,6,62.60,29.00,69
2022-01-11 21:44:12.918,,26,6,62.70,29.00,70
2022-01-11 21:45:13.200,,26,6,62.60,29.00,69
2022-01-11 21:46:13.481,,26,6,62.70,29.00,69
2022-01-11 21:47:13.762,,26,6,62.70,29.10,69
2022-01-11 21:48:14.044,,26,6,62.70,29.10,70
2022-01-11 21:49:14.325,,26,6,62.70,29.10,70
2022-01-11 21:50:14.607,,26,6,62.70,29.10,70
2022-01-11 21:51:14.888,,26,6,62.70,29.00,70
2022-01-11 21:52:15.170,,26,6,62.70,29.10,70
2022-01-11 21:53:15.451,,26,6,62.80,29.10,70
2022-01-11 21:54:15.733,,26,6,62.80,29.10,70
2022-01-11 21:55:16.013,,26,6,62.80,29.10,70
2022-01-11 21:56:16.295,,26,6,62.80,29.10,70
2022-01-11 21:57:16.576,,26,6,62.80,29.10,70
2022-01-11 21:58:16.857,,26,6,62.70,29.00,70
2022-01-11 21:59:17.139,,26,6,62.70,29.00,70
2022-01-11 22:00:17.420,,26,6,62.70,29.00,70
2022-01-11 22:01:17.702,,26,6,62.80,29.00,70
2022-01-11 22:02:17.982,,26,6,62.80,29.00,70
2022-01-11 22:03:18.265,,26,6,62.80,29.00,70
2022-01-11 22:04:18.545,,26,7,62.70,29.00,70
2022-01-11 22:05:18.826,,26,6,62.80,29.00,70
2022-01-11 22:06:19.109,,26,6,62.80,29.10,70
2022-01-11 22:07:19.389,,26,6,62.70,29.00,70
2022-01-11 22:08:19.671,,26,6,62.80,29.00,70
2022-01-11 22:09:19.952,,25,6,62.80,29.00,70
2022-01-11 22:10:20.234,,26,7,62.80,29.00,70
2022-01-11 22:11:20.514,,26,6,62.90,29.10,70
2022-01-11 22:12:20.796,,26,6,62.80,29.00,70
2022-01-11 22:13:21.077,,26,6,62.80,29.00,70
2022-01-11 22:14:21.358,,26,6,62.80,29.00,69
2022-01-11 22:15:21.639,,26,7,62.80,29.00,70
2022-01-11 22:16:21.921,,26,6,62.80,29.00,69
2022-01-11 22:17:22.203,,26,6,62.80,29.00,70
2022-01-11 22:18:22.483,,26,6,62.80,29.00,70
2022-01-11 22:19:22.766,,26,6,62.80,29.00,70
2022-01-11 22:20:23.046,,26,6,62.80,29.00,70
2022-01-11 22:21:23.328,,26,6,62.80,29.00,70
2022-01-11 22:22:23.608,,26,6,62.90,29.10,69
2022-01-11 22:23:23.890,,26,6,62.90,29.00,70
2022-01-11 22:24:24.171,,26,6,62.90,29.00,70
2022-01-11 22:25:24.452,,26,6,62.90,29.00,70
2022-01-11 22:26:24.735,,26,6,62.90,29.00,70
2022-01-11 22:27:25.015,,26,6,62.90,29.00,70
2022-01-11 22:28:25.297,,26,6,63.00,29.00,70
2022-01-11 22:29:25.578,,26,7,62.90,29.00,70
2022-01-11 22:30:25.860,,26,6,62.90,29.00,70
2022-01-11 22:31:26.140,,26,6,63.00,29.10,70
2022-01-11 22:32:26.423,,26,6,62.90,29.00,70
2022-01-11 22:33:26.704,,26,6,62.90,29.00,70
2022-01-11 22:34:26.984,,26,7,63.00,29.10,70
2022-01-11 22:35:27.267,,26,6,63.00,29.10,70
2022-01-11 22:36:27.547,,26,7,62.90,29.00,70
2022-01-11 22:37:27.830,,26,6,62.90,29.00,70
2022-01-11 22:38:28.110,,26,6,63.00,29.00,70
2022-01-11 22:39:28.392,,26,6,63.00,29.00,70
2022-01-11 22:40:28.673,,26,7,63.00,29.00,70
2022-01-11 22:41:28.955,,26,6,63.00,29.10,70
2022-01-11 22:42:29.236,,26,6,63.00,29.00,70
2022-01-11 22:43:29.517,,26,6,63.00,29.00,70
2022-01-11 22:44:29.799,,26,6,62.90,29.00,70
2022-01-11 22:45:30.080,,26,6,63.00,29.00,70
2022-01-11 22:46:30.362,,26,7,63.00,29.00,70
2022-01-11 22:47:30.642,,26,6,62.90,29.00,70
2022-01-11 22:48:30.925,,26,6,62.90,29.00,70
2022-01-11 22:49:31.205,,26,6,62.90,29.00,70
2022-01-11 22:50:31.487,,26,6,63.00,29.00,70
2022-01-11 22:51:31.768,,26,6,62.90,29.00,70
2022-01-11 22:52:32.049,,26,6,63.00,29.00,70
2022-01-11 22:53:32.331,,26,7,63.00,29.00,70
2022-01-11 22:54:32.612,,25,6,63.00,29.00,70
2022-01-11 22:55:32.894,,26,6,63.00,29.00,70
2022-01-11 22:56:33.175,,26,6,63.00,29.00,70
2022-01-11 22:57:33.457,,26,7,63.00,29.00,70
2022-01-11 22:58:33.737,,26,6,63.00,29.00,70
2022-01-11 22:59:34.020,,26,6,63.00,29.00,70
2022-01-11 23:00:34.300,,26,6,63.10,29.00,70
2022-01-11 23:01:34.582,,26,7,63.10,29.00,70
2022-01-11 23:02:34.864,,26,7,63.10,29.00,70
2022-01-11 23:03:35.144,,26,6,63.10,29.00,70
2022-01-11 23:04:35.427,,26,6,63.10,29.00,70
2022-01-11 23:05:35.707,,26,6,63.10,29.00,70
2022-01-11 23:06:35.989,,26,6,63.10,29.00,70
2022-01-11 23:07:36.270,,26,6,63.10,29.00,70
2022-01-11 23:08:36.552,,26,6,63.00,29.00,70
2022-01-11 23:09:36.833,,26,6,63.10,29.00,70
2022-01-11 23:10:37.115,,26,6,63.10,29.00,70
2022-01-11 23:11:37.396,,26,6,63.10,29.00,70
2022-01-11 23:12:37.677,,26,7,63.00,29.00,70
2022-01-11 23:13:37.959,,26,6,63.00,29.00,70
2022-01-11 23:14:38.239,,26,6,63.00,29.00,70
2022-01-11 23:15:38.522,,26,6,63.00,29.00,70
2022-01-11 23:16:38.802,,26,6,63.10,29.00,70
2022-01-11 23:17:39.085,,26,6,63.10,29.00,70
2022-01-11 23:18:39.366,,26,6,63.10,29.00,70
2022-01-11 23:19:39.647,,26,6,63.10,29.00,70
2022-01-11 23:20:39.929,,26,6,63.10,29.00,70
2022-01-11 23:21:40.209,,26,6,63.10,29.00,70
2022-01-11 23:22:40.491,,26,6,63.10,29.00,70
2022-01-11 23:23:40.772,,26,6,63.10,29.00,70
2022-01-11 23:24:41.054,,26,6,63.10,29.00,71
2022-01-11 23:25:41.335,,26,6,63.10,29.00,70
2022-01-11 23:26:41.617,,26,6,63.20,29.00,70
2022-01-11 23:27:41.897,,26,6,63.20,29.00,70
2022-01-11 23:28:42.180,,26,6,63.20,29.00,70
2022-01-11 23:29:42.461,,26,6,63.20,29.00,70
2022-01-11 23:30:42.742,,26,6,63.20,29.00,70
2022-01-11 23:31:43.024,,26,6,63.20,29.00,70
2022-01-11 23:32:43.304,,26,6,63.20,29.00,70
2022-01-11 23:33:43.586,,26,7,63.10,29.00,70
2022-01-11 23:34:43.867,,26,6,63.20,29.00,71
2022-01-11 23:35:44.149,,26,6,63.20,29.00,70
2022-01-11 23:36:44.430,,26,6,63.20,29.00,70
2022-01-11 23:37:44.712,,26,6,63.20,29.00,70
2022-01-11 23:38:44.993,,26,6,63.10,29.00,70
2022-01-11 23:39:45.275,,26,6,63.10,29.00,70
2022-01-11 23:40:45.556,,26,6,63.20,29.00,70
2022-01-11 23:41:45.836,,25,6,63.20,29.00,70
2022-01-11 23:42:46.119,,26,6,63.20,29.00,70
2022-01-11 23:43:46.399,,26,7,63.30,29.00,70
2022-01-11 23:44:46.681,,26,6,63.20,29.00,70
2022-01-11 23:45:46.962,,26,6,63.30,29.00,70
2022-01-11 23:46:47.244,,26,6,63.30,29.00,70
2022-01-11 23:47:47.525,,26,6,63.20,28.90,70
2022-01-11 23:48:47.807,,26,6,63.30,29.00,70
2022-01-11 23:49:48.088,,26,6,63.30,29.00,70
2022-01-11 23:50:48.368,,26,7,63.30,29.00,71
2022-01-11 23:51:48.651,,26,6,63.30,29.00,71
2022-01-11 23:52:48.931,,26,6,63.30,29.00,71
2022-01-11 23:53:49.214,,26,6,63.30,29.00,71
2022-01-11 23:54:49.494,,26,6,63.30,29.00,70
2022-01-11 23:55:49.776,,26,6,63.30,29.00,70
2022-01-11 23:56:50.058,,26,6,63.30,28.90,71
2022-01-11 23:57:50.339,,26,7,63.40,29.00,70
2022-01-11 23:58:50.621,,26,7,63.30,29.00,70
2022-01-11 23:59:50.901,,26,6,63.30,29.00,71
2022-01-12 00:00:51.183,,26,6,63.30,29.00,70
2022-01-12 00:01:51.464,,26,6,63.30,29.00,71
2022-01-12 00:02:51.746,,26,6,63.30,29.00,71
2022-01-12 00:03:52.027,,26,6,63.30,28.90,70
2022-01-12 00:04:52.309,,26,6,63.30,29.00,71
2022-01-12 00:05:52.590,,26,7,63.30,28.90,70
2022-01-12 00:06:52.872,,26,6,63.30,28.90,70
2022-01-12 00:07:53.153,,26,7,63.30,28.90,71
2022-01-12 00:08:53.434,,25,7,63.30,28.90,70
2022-01-12 00:09:53.716,,25,6,63.30,28.90,71
2022-01-12 00:10:53.996,,25,6,63.40,28.90,71
2022-01-12 00:11:54.279,,25,7,63.40,28.90,71
2022-01-12 00:12:54.559,,25,6,63.40,28.90,70
2022-01-12 00:13:54.841,,25,6,63.40,28.90,71
2022-01-12 00:14:55.122,,26,6,63.30,28.90,71
2022-01-12 00:15:55.404,,25,6,63.30,28.90,71
2022-01-12 00:16:55.685,,26,6,63.40,28.90,70
2022-01-12 00:17:55.967,,26,6,63.40,28.90,71
2022-01-12 00:18:56.248,,25,6,63.40,28.90,71
2022-01-12 00:19:56.528,,26,6,63.40,28.90,71
2022-01-12 00:20:56.811,,26,6,63.40,28.90,71
2022-01-12 00:21:57.092,,26,6,63.30,28.90,71
2022-01-12 00:22:57.373,,25,7,63.30,28.90,71
2022-01-12 00:23:57.655,,26,6,63.40,28.90,71
2022-01-12 00:24:57.936,,25,7,63.30,28.90,71
2022-01-12 00:25:58.217,,26,6,63.30,28.90,71
2022-01-12 00:26:58.499,,26,7,63.30,28.90,71
2022-01-12 00:27:58.780,,25,7,63.40,28.90,71
2022-01-12 00:28:59.061,,26,6,63.40,28.90,71
2022-01-12 00:29:59.343,,26,6,63.40,28.90,71
2022-01-12 00:30:59.623,,25,6,63.40,28.90,71
2022-01-12 00:31:59.906,,25,7,63.40,28.90,71
2022-01-12 00:33:00.187,,25,6,63.40,28.90,71
2022-01-12 00:34:00.468,,26,7,63.40,28.90,71
2022-01-12 00:35:00.750,,25,6,63.40,28.90,71
2022-01-12 00:36:01.031,,25,6,63.40,28.90,71
2022-01-12 00:37:01.312,,25,6,63.40,28.90,71
2022-01-12 00:38:01.594,,25,6,63.50,28.90,71
2022-01-12 00:39:01.875,,26,7,63.50,28.90,71
2022-01-12 00:40:02.156,,26,6,63.50,28.90,71
2022-01-12 00:41:02.438,,25,6,63.50,28.90,71
2022-01-12 00:42:02.719,,25,6,63.50,28.90,71
2022-01-12 00:43:03.001,,25,6,63.60,28.90,71
2022-01-12 00:44:03.282,,26,6,63.50,28.90,71
2022-01-12 00:45:03.564,,25,6,63.50,28.90,71
2022-01-12 00:46:03.845,,25,6,63.50,28.90,71
2022-01-12 00:47:04.126,,25,7,63.50,28.90,71
2022-01-12 00:48:04.408,,26,7,63.50,28.90,71
2022-01-12 00:49:04.688,,25,6,63.50,28.90,71
2022-01-12 00:50:04.970,,26,6,63.50,28.90,71
2022-01-12 00:51:05.252,,26,6,63.60,28.90,71
2022-01-12 00:52:05.533,,26,6,63.50,28.90,71
2022-01-12 00:53:05.815,,25,6,63.60,28.90,71
2022-01-12 00:54:06.096,,25,7,63.60,28.90,71
2022-01-12 00:55:06.377,,25,6,63.60,28.90,71
2022-01-12 00:56:06.658,,25,6,63.60,28.90,71
2022-01-12 00:57:06.940,,25,6,63.70,28.90,71
2022-01-12 00:58:07.220,,25,7,63.60,28.80,71
2022-01-12 00:59:07.502,,25,7,63.60,28.80,71
2022-01-12 01:00:07.783,,26,6,63.60,28.80,71
2022-01-12 01:01:08.065,,26,6,63.70,28.90,71
2022-01-12 01:02:08.346,,26,6,63.60,28.80,71
2022-01-12 01:03:08.628,,26,7,63.70,28.90,71
2022-01-12 01:04:08.909,,26,7,63.70,28.80,71
2022-01-12 01:05:09.190,,26,7,63.70,28.80,71
2022-01-12 01:06:09.471,,26,6,63.70,28.90,71
2022-01-12 01:07:09.753,,25,6,63.80,28.90,71
2022-01-12 01:08:10.034,,25,6,63.70,28.80,71
2022-01-12 01:09:10.315,,26,6,63.70,28.80,71
2022-01-12 01:10:10.596,,26,6,63.80,28.90,71
2022-01-12 01:11:10.878,,26,6,63.70,28.80,71
2022-01-12 01:12:11.159,,25,7,63.80,28.80,71
2022-01-12 01:13:11.440,,26,6,63.80,28.80,71
2022-01-12 01:14:11.722,,25,7,63.80,28.90,71
2022-01-12 01:15:12.003,,25,7,63.80,28.80,71
2022-01-12 01:16:12.284,,26,6,63.90,28.80,71
2022-01-12 01:17:12.565,,26,7,63.80,28.80,71
2022-01-12 01:18:12.847,,25,6,63.80,28.80,71
2022-01-12 01:19:13.128,,26,6,63.80,28.80,71
2022-01-12 01:20:13.409,,26,6,63.80,28.80,71
2022-01-12 01:21:13.690,,26,6,63.80,28.80,71
2022-01-12 01:22:13.972,,26,7,63.80,28.80,71
2022-01-12 01:23:14.253,,26,6,63.90,28.90,71
2022-01-12 01:24:14.534,,26,7,63.80,28.80,71
2022-01-12 01:25:14.816,,26,6,64.00,28.90,71
2022-01-12 01:26:15.097,,26,6,63.90,28.80,71
2022-01-12 01:27:15.378,,26,6,63.80,28.80,71
2022-01-12 01:28:15.660,,26,6,63.80,28.80,71
2022-01-12 01:29:15.941,,26,6,63.90,28.80,71
2022-01-12 01:30:16.222,,26,7,63.80,28.80,71
2022-01-12 01:31:16.503,,25,7,63.90,28.80,71
2022-01-12 01:32:16.785,,26,6,63.90,28.80,71
2022-01-12 01:33:17.066,,26,6,63.90,28.80,71
2022-01-12 01:34:17.347,,26,6,63.90,28.80,71
2022-01-12 01:35:17.629,,26,7,63.90,28.80,71
2022-01-12 01:36:17.910,,25,6,63.90,28.80,71
2022-01-12 01:37:18.191,,26,6,63.90,28.80,71
2022-01-12 01:38:18.473,,26,6,63.90,28.80,71
2022-01-12 01:39:18.754,,26,6,63.90,28.80,71
2022-01-12 01:40:19.035,,26,6,63.90,28.80,71
2022-01-12 01:41:19.317,,26,7,63.90,28.80,71
2022-01-12 01:42:19.598,,26,6,63.90,28.80,71
2022-01-12 01:43:19.879,,26,6,63.90,28.80,71
2022-01-12 01:44:20.161,,25,6,63.90,28.80,71
2022-01-12 01:45:20.443,,26,6,63.90,28.80,71
2022-01-12 01:46:20.723,,26,6,63.90,28.80,71
2022-01-12 01:47:21.005,,25,6,63.90,28.80,71
2022-01-12 01:48:21.286,,26,6,63.90,28.80,71
2022-01-12 01:49:21.567,,26,7,63.90,28.80,71
2022-01-12 01:50:21.849,,26,6,63.90,28.80,71
2022-01-12 01:51:22.130,,26,6,63.90,28.80,71
2022-01-12 01:52:22.411,,26,7,63.90,28.80,71
2022-01-12 01:53:22.693,,26,7,63.90,28.80,71
2022-01-12 01:54:22.975,,26,6,63.90,28.80,71
2022-01-12 01:55:23.255,,26,6,63.90,28.80,71
2022-01-12 01:56:23.537,,26,7,63.90,28.80,71
2022-01-12 01:57:23.818,,26,7,63.90,28.80,71
2022-01-12 01:58:24.099,,26,7,64.00,28.80,71
2022-01-12 01:59:24.380,,26,7,64.00,28.80,71
2022-01-12 02:00:24.662,,26,6,64.00,28.80,71
2022-01-12 02:01:24.943,,26,6,64.00,28.80,71
2022-01-12 02:02:25.224,,26,7,63.90,28.80,71
2022-01-12 02:03:25.506,,26,6,63.90,28.80,71
2022-01-12 02:04:25.786,,26,7,64.00,28.80,71
2022-01-12 02:05:26.068,,26,6,64.00,28.80,71
2022-01-12 02:06:26.349,,26,7,64.00,28.80,71
2022-01-12 02:07:26.630,,26,7,64.00,28.80,71
2022-01-12 02:08:26.911,,26,6,64.00,28.80,71
2022-01-12 02:09:27.192,,26,6,64.00,28.80,71
2022-01-12 02:10:27.473,,26,6,64.10,28.80,71
2022-01-12 02:11:27.754,,26,6,64.00,28.80,71
2022-01-12 02:12:28.036,,26,6,64.00,28.80,71
2022-01-12 02:13:28.316,,26,6,64.00,28.80,71
2022-01-12 02:14:28.598,,26,6,64.00,28.80,71
2022-01-12 02:15:28.879,,26,6,64.00,28.80,71
2022-01-12 02:16:29.160,,26,6,64.00,28.80,71
2022-01-12 02:17:29.441,,26,6,64.00,28.80,71
2022-01-12 02:18:29.722,,26,7,63.90,28.70,71
2022-01-12 02:19:30.003,,26,6,64.00,28.80,71
2022-01-12 02:20:30.284,,25,7,64.00,28.80,71
2022-01-12 02:21:30.567,,26,6,64.00,28.80,71
2022-01-12 02:22:30.847,,26,6,64.00,28.80,71
2022-01-12 02:23:31.129,,26,6,64.00,28.80,71
2022-01-12 02:24:31.409,,26,7,64.00,28.80,71
2022-01-12 02:25:31.690,,26,6,63.90,28.70,71
2022-01-12 02:26:31.971,,26,6,64.00,28.80,71
2022-01-12 02:27:32.253,,26,6,64.00,28.80,71
2022-01-12 02:28:32.534,,26,7,63.90,28.70,71
2022-01-12 02:29:32.815,,26,7,64.00,28.80,71
2022-01-12 02:30:33.097,,26,6,64.00,28.80,71
2022-01-12 02:31:33.377,,26,6,64.00,28.80,71
2022-01-12 02:32:33.659,,26,6,64.00,28.80,71
2022-01-12 02:33:33.940,,26,6,64.00,28.80,71
2022-01-12 02:34:34.221,,26,7,64.00,28.80,71
2022-01-12 02:35:34.502,,26,6,64.00,28.70,71
2022-01-12 02:36:34.783,,26,7,64.10,28.80,71
2022-01-12 02:37:35.064,,25,6,64.10,28.80,71
2022-01-12 02:38:35.345,,26,6,64.00,28.80,71
2022-01-12 02:39:35.627,,26,6,64.00,28.80,71
2022-01-12 02:40:35.907,,26,6,63.90,28.70,71
2022-01-12 02:41:36.190,,26,6,64.00,28.80,71
2022-01-12 02:42:36.470,,26,7,64.00,28.80,71
2022-01-12 02:43:36.751,,26,7,64.00,28.70,71
2022-01-12 02:44:37.032,,26,6,64.00,28.80,71
2022-01-12 02:45:37.313,,26,7,64.00,28.80,71
2022-01-12 02:46:37.596,,26,6,64.00,28.80,71
2022-01-12 02:47:37.876,,26,7,64.10,28.80,71
2022-01-12 02:48:38.158,,26,6,64.00,28.80,71
2022-01-12 02:49:38.438,,26,6,64.00,28.70,71
2022-01-12 02:50:38.720,,26,6,63.90,28.70,71
2022-01-12 02:51:39.001,,26,7,64.10,28.80,71
2022-01-12 02:52:39.283,,26,6,64.10,28.80,71
2022-01-12 02:53:39.563,,26,6,64.10,28.70,71
2022-01-12 02:54:39.844,,26,6,64.10,28.80,71
2022-01-12 02:55:40.125,,26,6,64.10,28.80,71
2022-01-12 02:56:40.406,,26,6,64.00,28.70,71
2022-01-12 02:57:40.689,,26,7,64.00,28.70,71
2022-01-12 02:58:40.969,,26,6,64.00,28.70,71
2022-01-12 02:59:41.251,,26,6,64.00,28.70,71
2022-01-12 03:00:41.531,,26,6,64.00,28.70,71
2022-01-12 03:01:41.814,,26,7,64.10,28.80,71
2022-01-12 03:02:42.094,,26,7,64.00,28.70,71
2022-01-12 03:03:42.375,,26,6,64.10,28.80,71
2022-01-12 03:04:42.656,,26,7,64.00,28.70,71
2022-01-12 03:05:42.938,,26,6,64.00,28.70,71
2022-01-12 03:06:43.219,,26,6,64.10,28.80,71
2022-01-12 03:07:43.500,,26,7,64.10,28.80,71
2022-01-12 03:08:43.782,,26,6,64.10,28.80,71
2022-01-12 03:09:44.062,,26,7,64.10,28.70,71
2022-01-12 03:10:44.344,,25,6,64.10,28.80,71
2022-01-12 03:11:44.624,,26,6,64.00,28.70,71
2022-01-12 03:12:44.905,,26,6,64.00,28.70,71
2022-01-12 03:13:45.188,,25,7,64.10,28.70,71
2022-01-12 03:14:45.468,,26,7,64.00,28.70,71
2022-01-12 03:15:45.750,,26,6,64.00,28.70,71
2022-01-12 03:16:46.031,,26,7,64.10,28.70,71
2022-01-12 03:17:46.313,,25,6,64.10,28.70,71
2022-01-12 03:18:46.593,,26,7,64.10,28.70,71
2022-01-12 03:19:46.876,,26,6,64.10,28.70,71
2022-01-12 03:20:47.156,,26,6,64.10,28.70,71
2022-01-12 03:21:47.438,,26,7,64.10,28.70,71
2022-01-12 03:22:47.719,,26,6,64.10,28.70,71
2022-01-12 03:23:48.000,,26,7,64.10,28.70,71
2022-01-12 03:24:48.282,,26,6,64.10,28.70,71
2022-01-12 03:25:48.563,,26,6,64.10,28.70,71
2022-01-12 03:26:48.845,,26,7,64.10,28.70,71
2022-01-12 03:27:49.125,,26,7,64.10,28.70,71
2022-01-12 03:28:49.408,,26,6,64.10,28.70,71
2022-01-12 03:29:49.688,,26,7,64.10,28.70,72
2022-01-12 03:30:49.970,,26,7,64.10,28.70,72
2022-01-12 03:31:50.251,,26,6,64.10,28.70,72
2022-01-12 03:32:50.532,,26,7,64.10,28.70,72
2022-01-12 03:33:50.814,,26,6,64.10,28.70,72
2022-01-12 03:34:51.095,,26,6,64.10,28.70,71
2022-01-12 03:35:51.377,,26,7,64.10,28.70,72
2022-01-12 03:36:51.657,,26,6,64.20,28.70,72
2022-01-12 03:37:51.940,,26,6,64.20,28.70,72
2022-01-12 03:38:52.220,,26,7,64.20,28.70,72
2022-01-12 03:39:52.502,,26,6,64.10,28.70,72
2022-01-12 03:40:52.783,,26,7,64.20,28.70,72
2022-01-12 03:41:53.064,,26,7,64.20,28.70,72
2022-01-12 03:42:53.346,,26,6,64.20,28.70,71
2022-01-12 03:43:53.627,,26,6,64.10,28.70,71
2022-01-12 03:44:53.909,,26,7,64.20,28.70,71
2022-01-12 03:45:54.189,,26,6,64.20,28.70,71
2022-01-12 03:46:54.471,,26,6,64.20,28.70,71
2022-01-12 03:47:54.752,,26,6,64.20,28.70,72
2022-01-12 03:48:55.034,,26,6,64.20,28.70,71
2022-01-12 03:49:55.314,,26,6,64.20,28.70,72
2022-01-12 03:50:55.597,,26,7,64.30,28.70,72
2022-01-12 03:51:55.878,,26,7,64.30,28.70,71
2022-01-12 03:52:56.158,,26,6,64.20,28.70,71
2022-01-12 03:53:56.441,,26,6,64.20,28.60,71
2022-01-12 03:54:56.721,,26,6,64.30,28.70,71
2022-01-12 03:55:57.003,,26,6,64.20,28.60,71
2022-01-12 03:56:57.284,,26,6,64.30,28.70,71
2022-01-12 03:57:57.566,,26,6,64.30,28.70,71
2022-01-12 03:58:57.846,,26,6,64.20,28.60,71
2022-01-12 03:59:58.129,,26,6,64.30,28.70,71
2022-01-12 04:00:58.410,,26,6,64.30,28.70,71
2022-01-12 04:01:58.691,,26,6,64.30,28.70,71
2022-01-12 04:02:58.973,,26,6,64.30,28.70,71
2022-01-12 04:03:59.253,,26,7,64.30,28.70,71
2022-01-12 04:04:59.536,,26,7,64.30,28.70,71
2022-01-12 04:05:59.816,,26,6,64.20,28.60,71
2022-01-12 04:07:00.098,,26,6,64.20,28.60,71
2022-01-12 04:08:00.379,,26,6,64.20,28.60,71
2022-01-12 04:09:00.661,,26,6,64.20,28.60,71
2022-01-12 04:10:00.942,,26,6,64.30,28.60,71
2022-01-12 04:11:01.223,,26,6,64.30,28.70,72
2022-01-12 04:12:01.505,,26,7,64.20,28.60,72
2022-01-12 04:13:01.785,,26,6,64.30,28.70,71
2022-01-12 04:14:02.068,,26,7,64.30,28.60,71
2022-01-12 04:15:02.348,,26,6,64.30,28.60,71
2022-01-12 04:16:02.630,,26,7,64.30,28.70,72
2022-01-12 04:17:02.911,,26,6,64.30,28.60,72
2022-01-12 04:18:03.193,,26,7,64.30,28.70,71
2022-01-12 04:19:03.474,,26,6,64.20,28.60,72
2022-01-12 04:20:03.755,,26,7,64.30,28.70,72
2022-01-12 04:21:04.037,,26,6,64.30,28.60,71
2022-01-12 04:22:04.317,,26,7,64.30,28.60,72
2022-01-12 04:23:04.600,,26,6,64.30,28.60,72
2022-01-12 04:24:04.880,,26,6,64.40,28.60,72
2022-01-12 04:25:05.162,,26,7,64.30,28.60,72
2022-01-12 04:26:05.442,,26,6,64.30,28.60,72
2022-01-12 04:27:05.725,,26,6,64.30,28.60,72
2022-01-12 04:28:06.006,,26,6,64.30,28.60,72
2022-01-12 04:29:06.287,,26,7,64.30,28.60,72
2022-01-12 04:30:06.569,,26,6,64.30,28.60,72
2022-01-12 04:31:06.849,,26,6,64.30,28.60,72
2022-01-12 04:32:07.131,,26,6,64.30,28.60,72
2022-01-12 04:33:07.412,,26,7,64.30,28.60,72
2022-01-12 04:34:07.694,,26,7,64.30,28.60,72
2022-01-12 04:35:07.974,,26,6,64.30,28.60,72
2022-01-12 04:36:08.256,,26,6,64.30,28.60,72
2022-01-12 04:37:08.538,,26,6,64.40,28.60,72
2022-01-12 04:38:08.819,,26,6,64.30,28.60,72
2022-01-12 04:39:09.100,,26,6,64.30,28.60,72
2022-01-12 04:40:09.381,,26,6,64.30,28.60,72
2022-01-12 04:41:09.663,,26,6,64.40,28.60,72
2022-01-12 04:42:09.943,,26,6,64.30,28.60,72
2022-01-12 04:43:10.225,,26,7,64.40,28.60,72
2022-01-12 04:44:10.506,,26,6,64.30,28.60,72
2022-01-12 04:45:10.788,,26,7,64.40,28.60,72
2022-01-12 04:46:11.069,,26,6,64.40,28.60,72
2022-01-12 04:47:11.351,,26,6,64.30,28.60,72
2022-01-12 04:48:11.632,,26,6,64.40,28.60,72
2022-01-12 04:49:11.912,,26,7,64.40,28.60,72
2022-01-12 04:50:12.194,,26,6,64.40,28.60,72
2022-01-12 04:51:12.475,,26,7,64.40,28.60,72
2022-01-12 04:52:12.757,,26,7,64.40,28.60,72
2022-01-12 04:53:13.037,,26,6,64.40,28.60,72
2022-01-12 04:54:13.320,,26,6,64.40,28.60,72
2022-01-12 04:55:13.601,,26,6,64.40,28.60,72
2022-01-12 04:56:13.882,,26,7,64.40,28.60,72
2022-01-12 04:57:14.163,,26,6,64.40,28.60,72
2022-01-12 04:58:14.445,,26,6,64.50,28.60,72
2022-01-12 04:59:14.726,,26,6,64.40,28.60,72
2022-01-12 05:00:15.006,,26,7,64.50,28.60,72
2022-01-12 05:01:15.289,,26,7,64.40,28.60,72
2022-01-12 05:02:15.569,,26,7,64.40,28.60,72
2022-01-12 05:03:15.851,,26,7,64.40,28.60,71
2022-01-12 05:04:16.133,,26,7,64.40,28.50,72
2022-01-12 05:05:16.414,,26,6,64.40,28.50,71
2022-01-12 05:06:16.695,,26,6,64.40,28.60,72
2022-01-12 05:07:16.976,,26,7,64.50,28.60,72
2022-01-12 05:08:17.258,,26,6,64.50,28.60,71
2022-01-12 05:09:17.538,,26,6,64.40,28.60,72
2022-01-12 05:10:17.820,,26,6,64.40,28.50,71
2022-01-12 05:11:18.101,,26,6,64.40,28.50,71
2022-01-12 05:12:18.383,,26,6,64.50,28.60,72
2022-01-12 05:13:18.664,,26,7,64.40,28.50,72
2022-01-12 05:14:18.945,,26,6,64.40,28.50,72
2022-01-12 05:15:19.227,,26,6,64.40,28.50,72
2022-01-12 05:16:19.508,,26,7,64.50,28.60,71
2022-01-12 05:17:19.789,,26,6,64.50,28.60,71
2022-01-12 05:18:20.069,,26,6,64.40,28.50,72
2022-01-12 05:19:20.352,,26,7,64.40,28.50,71
2022-01-12 05:20:20.632,,26,7,64.50,28.50,71
2022-01-12 05:21:20.914,,26,6,64.40,28.50,72
2022-01-12 05:22:21.196,,26,7,64.50,28.50,72
2022-01-12 05:23:21.477,,26,6,64.50,28.50,72
2022-01-12 05:24:21.758,,26,6,64.40,28.50,72
2022-01-12 05:25:22.040,,26,7,64.40,28.50,71
2022-01-12 05:26:22.321,,26,6,64.40,28.50,71
2022-01-12 05:27:22.602,,26,6,64.50,28.50,72
2022-01-12 05:28:22.883,,26,7,64.50,28.60,72
2022-01-12 05:29:23.165,,26,6,64.50,28.50,72
2022-01-12 05:30:23.446,,26,7,64.50,28.50,72
2022-01-12 05:31:23.727,,26,7,64.40,28.50,72
2022-01-12 05:32:24.009,,26,7,64.50,28.50,72
2022-01-12 05:33:24.290,,26,6,64.40,28.50,72
2022-01-12 05:34:24.571,,26,6,64.50,28.50,72
2022-01-12 05:35:24.853,,26,6,64.40,28.50,72
2022-01-12 05:36:25.134,,26,6,64.50,28.50,72
2022-01-12 05:37:25.415,,26,6,64.50,28.50,72
2022-01-12 05:38:25.695,,26,6,64.50,28.50,72
2022-01-12 05:39:25.978,,26,6,64.50,28.50,72
2022-01-12 05:40:26.259,,26,6,64.50,28.50,72
2022-01-12 05:41:26.540,,26,6,64.50,28.50,72
2022-01-12 05:42:26.822,,26,6,64.50,28.50,72
2022-01-12 05:43:27.103,,26,7,64.50,28.50,72
2022-01-12 05:44:27.384,,26,7,64.60,28.50,72
2022-01-12 05:45:27.666,,26,6,64.50,28.50,72
2022-01-12 05:46:27.947,,26,6,64.50,28.50,72
2022-01-12 05:47:28.227,,26,6,64.60,28.50,72
2022-01-12 05:48:28.510,,26,6,64.60,28.50,72
2022-01-12 05:49:28.791,,26,6,64.50,28.50,72
2022-01-12 05:50:29.072,,26,6,64.60,28.50,72
2022-01-12 05:51:29.354,,26,6,64.60,28.50,72
2022-01-12 05:52:29.635,,26,6,64.60,28.50,72
2022-01-12 05:53:29.916,,26,7,64.50,28.50,72
2022-01-12 05:54:30.198,,26,6,64.60,28.50,72
2022-01-12 05:55:30.479,,26,6,64.60,28.50,72
2022-01-12 05:56:30.759,,26,6,64.60,28.50,72
2022-01-12 05:57:31.042,,26,6,64.60,28.50,72
2022-01-12 05:58:31.323,,26,7,64.60,28.50,72
2022-01-12 05:59:31.604,,26,7,64.60,28.50,72
2022-01-12 06:00:31.886,,26,6,64.60,28.50,72
2022-01-12 06:01:32.167,,26,6,64.50,28.50,72
2022-01-12 06:02:32.448,,26,6,64.60,28.50,72
2022-01-12 06:03:32.730,,26,6,64.60,28.50,72
2022-01-12 06:04:33.011,,26,6,64.60,28.50,72
2022-01-12 06:05:33.292,,26,7,64.60,28.50,72
2022-01-12 06:06:33.574,,26,6,64.60,28.50,71
2022-01-12 06:07:33.855,,26,6,64.60,28.50,72
2022-01-12 06:08:34.136,,26,6,64.60,28.50,71
2022-01-12 06:09:34.418,,26,7,64.60,28.50,72
2022-01-12 06:10:34.699,,26,6,64.70,28.50,72
2022-01-12 06:11:34.980,,26,6,64.60,28.50,71
2022-01-12 06:12:35.262,,26,6,64.60,28.40,71
2022-01-12 06:13:35.543,,26,6,64.70,28.50,72
2022-01-12 06:14:35.825,,26,6,64.60,28.40,71
2022-01-12 06:15:36.106,,26,7,64.60,28.40,71
2022-01-12 06:16:36.387,,26,6,64.60,28.40,71
2022-01-12 06:17:36.668,,26,7,64.60,28.40,71
2022-01-12 06:18:36.950,,26,6,64.70,28.50,71
2022-01-12 06:19:37.231,,26,6,64.60,28.40,71
2022-01-12 06:20:37.512,,26,6,64.70,28.50,71
2022-01-12 06:21:37.794,,26,6,64.70,28.50,72
2022-01-12 06:22:38.075,,26,7,64.60,28.40,71
2022-01-12 06:23:38.358,,26,6,64.70,28.50,72
2022-01-12 06:24:38.638,,26,6,64.60,28.40,71
2022-01-12 06:25:38.919,,26,6,64.60,28.40,71
2022-01-12 06:26:39.201,,26,7,64.60,28.40,72
2022-01-12 06:27:39.482,,26,7,64.70,28.50,71
2022-01-12 06:28:39.763,,26,6,64.70,28.50,71
2022-01-12 06:29:40.045,,26,7,64.70,28.40,71
2022-01-12 06:30:40.326,,26,6,64.60,28.40,71
2022-01-12 06:31:40.607,,26,6,64.70,28.40,72
2022-01-12 06:32:40.888,,26,7,64.70,28.40,71
2022-01-12 06:33:41.170,,26,6,64.60,28.40,72
2022-01-12 06:34:41.452,,26,7,64.70,28.40,71
2022-01-12 06:35:41.732,,26,6,64.70,28.40,72
2022-01-12 06:36:42.014,,26,6,64.70,28.40,72
2022-01-12 06:37:42.295,,26,6,64.70,28.40,72
2022-01-12 06:38:42.576,,26,6,64.70,28.40,72
2022-01-12 06:39:42.858,,26,6,64.70,28.40,72
2022-01-12 06:40:43.139,,26,6,64.70,28.40,72
2022-01-12 06:41:43.420,,26,6,64.70,28.40,72
2022-01-12 06:42:43.702,,26,6,64.70,28.40,71
2022-01-12 06:43:43.984,,26,6,64.80,28.40,72
2022-01-12 06:44:44.264,,26,7,64.80,28.40,71
2022-01-12 06:45:44.546,,26,7,64.70,28.40,72
2022-01-12 06:46:44.827,,26,7,64.80,28.40,72
2022-01-12 06:47:45.108,,26,6,64.80,28.40,72
2022-01-12 06:48:45.389,,26,7,64.80,28.40,71
2022-01-12 06:49:45.671,,26,6,64.80,28.40,72
2022-01-12 06:50:45.952,,26,6,64.80,28.40,72
2022-01-12 06:51:46.233,,26,7,64.80,28.40,71
2022-01-12 06:52:46.516,,26,6,64.80,28.40,71
2022-01-12 06:53:46.796,,26,6,64.80,28.40,72
2022-01-12 06:54:47.077,,26,6,64.80,28.40,71
2022-01-12 06:55:47.358,,26,6,64.80,28.40,71
2022-01-12 06:56:47.640,,26,7,64.80,28.40,72
2022-01-12 06:57:47.921,,26,6,64.80,28.40,71
2022-01-12 06:58:48.202,,26,6,64.80,28.40,71
2022-01-12 06:59:48.484,,26,6,64.90,28.40,72
2022-01-12 07:00:48.765,,26,7,64.80,28.40,72
2022-01-12 07:01:49.047,,26,6,64.80,28.40,71
2022-01-12 07:02:49.327,,26,6,64.80,28.40,72
2022-01-12 07:03:49.610,,26,6,64.80,28.40,71
2022-01-12 07:04:49.890,,26,6,64.80,28.40,72
2022-01-12 07:05:50.171,,26,6,64.90,28.40,72
2022-01-12 07:06:50.452,,26,6,64.80,28.40,72
2022-01-12 07:07:50.734,,26,7,64.80,28.40,72
2022-01-12 07:08:51.015,,26,6,64.90,28.40,72
2022-01-12 07:09:51.296,,26,6,64.80,28.40,72
2022-01-12 07:10:51.579,,26,6,64.90,28.40,72
2022-01-12 07:11:51.859,,26,7,64.80,28.30,72
2022-01-12 07:12:52.141,,26,6,64.90,28.40,71
2022-01-12 07:13:52.421,,26,7,64.90,28.40,72
2022-01-12 07:14:52.703,,26,6,64.90,28.40,72
2022-01-12 07:15:52.984,,26,6,64.80,28.30,72
2022-01-12 07:16:53.265,,26,6,64.90,28.40,72
2022-01-12 07:17:53.546,,26,7,64.80,28.30,72
2022-01-12 07:18:53.828,,26,7,64.80,28.30,72
2022-01-12 07:19:54.110,,26,6,64.90,28.40,72
2022-01-12 07:20:54.390,,26,6,64.90,28.30,72
2022-01-12 07:21:54.673,,26,6,64.90,28.40,72
2022-01-12 07:22:54.953,,26,7,64.90,28.30,72
2022-01-12 07:23:55.234,,26,7,64.90,28.30,72
2022-01-12 07:24:55.516,,26,6,64.90,28.40,72
2022-01-12 07:25:55.797,,26,6,64.80,28.30,72
2022-01-12 07:26:56.078,,26,6,64.80,28.30,72
2022-01-12 07:27:56.359,,26,6,64.90,28.30,72
2022-01-12 07:28:56.642,,26,7,64.80,28.30,72
2022-01-12 07:29:56.922,,26,7,64.90,28.40,72
2022-01-12 07:30:57.204,,26,7,64.90,28.30,72
2022-01-12 07:31:57.485,,26,6,64.90,28.30,72
2022-01-12 07:32:57.766,,26,7,64.90,28.30,72
2022-01-12 07:33:58.047,,26,6,64.90,28.30,72
2022-01-12 07:34:58.329,,26,6,64.90,28.30,72
2022-01-12 07:35:58.610,,26,6,65.00,28.40,72
2022-01-12 07:36:58.891,,26,6,64.90,28.30,72
2022-01-12 07:37:59.174,,26,6,65.00,28.30,72
2022-01-12 07:38:59.454,,26,6,64.90,28.30,72
2022-01-12 07:39:59.736,,26,6,64.90,28.30,72
2022-01-12 07:41:00.017,,26,6,65.00,28.30,72
2022-01-12 07:42:00.299,,26,6,65.00,28.30,72
2022-01-12 07:43:00.579,,26,7,65.00,28.30,72
2022-01-12 07:44:00.861,,26,6,64.90,28.30,72
2022-01-12 07:45:01.142,,26,6,65.00,28.30,72
2022-01-12 07:46:01.423,,26,6,65.00,28.30,72
2022-01-12 07:47:01.705,,26,6,65.10,28.30,72
2022-01-12 07:48:01.986,,26,6,64.90,28.30,72
2022-01-12 07:49:02.268,,26,6,64.90,28.30,72
2022-01-12 07:50:02.549,,26,7,65.10,28.30,72
2022-01-12 07:51:02.831,,26,6,65.00,28.30,72
2022-01-12 07:52:03.111,,26,6,65.00,28.30,72
2022-01-12 07:53:03.393,,26,6,65.10,28.30,72
2022-01-12 07:54:03.674,,26,6,65.00,28.30,72
2022-01-12 07:55:03.955,,26,6,65.00,28.30,72
2022-01-12 07:56:04.237,,26,6,65.10,28.30,72
2022-01-12 07:57:04.518,,26,6,65.00,28.30,72
2022-01-12 07:58:04.800,,26,6,65.20,28.30,72
2022-01-12 07:59:05.080,,26,6,65.10,28.30,72
2022-01-12 08:00:05.363,,26,7,65.10,28.30,72
2022-01-12 08:01:05.643,,26,6,65.10,28.30,72
2022-01-12 08:02:05.924,,26,7,65.00,28.30,72
2022-01-12 08:03:06.206,,26,6,65.10,28.30,72
2022-01-12 08:04:06.487,,26,6,65.20,28.30,72
2022-01-12 08:05:06.769,,26,6,65.10,28.30,72
2022-01-12 08:06:07.050,,26,6,65.10,28.30,72
2022-01-12 08:07:07.332,,26,7,65.10,28.30,72
2022-01-12 08:08:07.613,,26,6,65.10,28.30,72
2022-01-12 08:09:07.895,,26,6,65.10,28.30,72
2022-01-12 08:10:08.175,,26,6,65.10,28.30,72
2022-01-12 08:11:08.458,,26,7,65.00,28.30,72
2022-01-12 08:12:08.738,,26,7,65.10,28.30,72
2022-01-12 08:13:09.019,,26,6,65.20,28.30,72
2022-01-12 08:14:09.302,,26,7,65.10,28.30,72
2022-01-12 08:15:09.582,,26,6,65.20,28.30,72
2022-01-12 08:16:09.864,,26,6,65.10,28.30,72
2022-01-12 08:17:10.145,,26,7,65.20,28.30,72
2022-01-12 08:18:10.427,,26,7,65.20,28.30,72
2022-01-12 08:19:10.707,,26,6,65.20,28.30,72
2022-01-12 08:20:10.990,,26,7,65.20,28.30,72
2022-01-12 08:21:11.271,,26,6,65.20,28.30,72
2022-01-12 08:22:11.551,,26,6,65.20,28.30,72
2022-01-12 08:23:11.834,,26,7,65.20,28.30,72
2022-01-12 08:24:12.114,,26,7,65.20,28.30,72
2022-01-12 08:25:12.396,,26,6,65.20,28.30,72
2022-01-12 08:26:12.677,,26,6,65.20,28.30,72
2022-01-12 08:27:12.959,,26,7,65.20,28.30,72
2022-01-12 08:28:13.239,,26,7,65.20,28.30,72
2022-01-12 08:29:13.522,,26,7,65.10,28.20,72
2022-01-12 08:30:13.802,,26,7,65.20,28.30,72
2022-01-12 08:31:14.083,,26,7,65.20,28.30,72
2022-01-12 08:32:14.365,,26,7,65.10,28.20,72
2022-01-12 08:33:14.646,,26,7,65.20,28.30,72
2022-01-12 08:34:14.928,,26,7,65.20,28.30,72
2022-01-12 08:35:15.208,,26,7,65.10,28.20,72
2022-01-12 08:36:15.491,,26,7,65.20,28.30,72
2022-01-12 08:37:15.771,,26,7,65.10,28.20,72
2022-01-12 08:38:16.053,,26,7,65.20,28.30,72
2022-01-12 08:39:16.334,,26,8,65.10,28.20,72
2022-01-12 08:40:16.616,,26,8,65.10,28.20,72
2022-01-12 08:41:16.897,,26,8,65.10,28.20,72
2022-01-12 08:42:17.178,,26,8,65.10,28.20,72
2022-01-12 08:43:17.460,,26,8,65.20,28.20,72
2022-01-12 08:44:17.740,,26,8,65.20,28.20,72
2022-01-12 08:45:18.022,,26,8,65.10,28.20,72
2022-01-12 08:46:18.303,,26,8,65.20,28.20,72
2022-01-12 08:47:18.585,,26,8,65.20,28.20,72
2022-01-12 08:48:18.865,,26,8,65.10,28.20,72
2022-01-12 08:49:19.147,,26,8,65.20,28.20,72
2022-01-12 08:50:19.429,,26,8,65.20,28.20,72
2022-01-12 08:51:19.709,,26,8,65.20,28.20,72
2022-01-12 08:52:19.991,,26,8,65.20,28.20,72
2022-01-12 08:53:20.272,,26,8,65.20,28.20,72
2022-01-12 08:54:20.554,,26,8,65.20,28.20,72
2022-01-12 08:55:20.834,,26,8,65.20,28.20,72
2022-01-12 08:56:21.116,,26,8,65.20,28.20,71
2022-01-12 08:57:21.397,,26,8,65.30,28.20,71
2022-01-12 08:58:21.679,,26,8,65.20,28.20,71
2022-01-12 08:59:21.960,,26,8,65.30,28.20,71
2022-01-12 09:00:22.240,,26,8,65.20,28.20,71
2022-01-12 09:01:22.523,,26,8,65.30,28.20,71
2022-01-12 09:02:22.803,,26,8,65.20,28.20,71
2022-01-12 09:03:23.085,,26,9,65.30,28.20,71
2022-01-12 09:04:23.366,,26,8,65.30,28.20,71
2022-01-12 09:05:23.648,,26,9,65.30,28.20,71
2022-01-12 09:06:23.929,,26,9,65.20,28.20,71
2022-01-12 09:07:24.211,,26,9,65.30,28.20,71
2022-01-12 09:08:24.492,,26,9,65.20,28.20,71
2022-01-12 09:09:24.772,,26,9,65.30,28.20,71
2022-01-12 09:10:25.055,,26,10,65.30,28.20,71
2022-01-12 09:11:25.335,,26,9,65.30,28.20,71
2022-01-12 09:12:25.617,,26,9,65.20,28.20,71
2022-01-12 09:13:25.898,,26,10,65.20,28.20,71
2022-01-12 09:14:26.180,,26,9,65.20,28.20,71
2022-01-12 09:15:26.460,,26,9,65.30,28.20,71
2022-01-12 09:16:26.742,,26,9,65.30,28.20,71
2022-01-12 09:17:27.024,,26,9,65.20,28.20,71
2022-01-12 09:18:27.305,,26,10,65.30,28.20,71
2022-01-12 09:19:27.586,,26,10,65.30,28.20,71
2022-01-12 09:20:27.867,,25,10,65.40,28.20,71
2022-01-12 09:21:28.149,,26,10,65.30,28.20,71
2022-01-12 09:22:28.429,,26,11,65.40,28.20,71
2022-01-12 09:23:28.712,,26,11,65.40,28.20,71
2022-01-12 09:24:28.992,,26,11,65.40,28.20,71
2022-01-12 09:25:29.275,,26,11,65.40,28.20,71
2022-01-12 09:26:29.556,,26,10,65.40,28.20,71
2022-01-12 09:27:29.838,,26,10,65.40,28.20,71
2022-01-12 09:28:30.119,,26,10,65.40,28.20,71
2022-01-12 09:29:30.399,,26,11,65.40,28.20,71
2022-01-12 09:30:30.682,,26,11,65.40,28.20,71
2022-01-12 09:31:30.962,,26,11,65.50,28.20,71
2022-01-12 09:32:31.245,,26,11,65.60,28.20,71
2022-01-12 09:33:31.525,,26,12,65.40,28.20,71
2022-01-12 09:34:31.807,,26,12,65.40,28.20,71
2022-01-12 09:35:32.089,,26,11,65.50,28.20,71
2022-01-12 09:36:32.370,,26,12,65.40,28.20,71
2022-01-12 09:37:32.652,,26,11,65.50,28.20,71
2022-01-12 09:38:32.932,,26,12,65.50,28.20,71
2022-01-12 09:39:33.214,,26,11,65.50,28.20,71
2022-01-12 09:40:33.495,,26,12,65.50,28.20,71
2022-01-12 09:41:33.777,,26,12,65.50,28.20,71
2022-01-12 09:42:34.058,,26,11,65.60,28.20,71
2022-01-12 09:43:34.340,,26,11,65.50,28.20,71
2022-01-12 09:44:34.621,,26,12,65.50,28.20,71
2022-01-12 09:45:34.903,,26,11,65.60,28.20,71
2022-01-12 09:46:35.184,,26,11,65.50,28.20,71
2022-01-12 09:47:35.466,,26,11,65.50,28.20,71
2022-01-12 09:48:35.747,,26,11,65.50,28.20,71
2022-01-12 09:49:36.027,,26,11,65.50,28.20,71
2022-01-12 09:50:36.310,,26,12,65.60,28.20,71
2022-01-12 09:51:36.590,,26,12,65.60,28.20,71
2022-01-12 09:52:36.872,,26,12,65.60,28.20,71
2022-01-12 09:53:37.154,,26,12,65.60,28.20,71
2022-01-12 09:54:37.435,,26,9,65.50,28.20,71
2022-01-12 09:55:37.716,,26,9,65.60,28.20,71
2022-01-12 09:56:37.998,,26,11,65.60,28.20,71
2022-01-12 09:57:38.279,,26,12,65.50,28.20,71
2022-01-12 09:58:38.559,,26,11,65.50,28.20,71
2022-01-12 09:59:38.842,,26,11,65.60,28.20,71
2022-01-12 10:00:39.123,,26,12,65.60,28.20,71
2022-01-12 10:01:39.405,,26,12,65.60,28.20,71
2022-01-12 10:02:39.686,,26,12,65.60,28.20,71
2022-01-12 10:03:39.967,,26,12,65.60,28.20,71
2022-01-12 10:04:40.248,,26,12,65.60,28.20,71
2022-01-12 10:05:40.530,,26,12,65.60,28.20,71
2022-01-12 10:06:40.811,,26,12,65.60,28.20,71
2022-01-12 10:07:41.091,,26,12,65.70,28.20,71
2022-01-12 10:08:41.374,,26,12,65.60,28.20,71
2022-01-12 10:09:41.654,,26,12,65.60,28.20,71
2022-01-12 10:10:41.936,,26,13,65.60,28.20,72
2022-01-12 10:11:42.218,,26,12,65.60,28.20,72
2022-01-12 10:12:42.499,,26,12,65.70,28.20,72
2022-01-12 10:13:42.780,,26,12,65.70,28.20,72
2022-01-12 10:14:43.062,,26,13,65.70,28.20,72
2022-01-12 10:15:43.343,,26,13,65.70,28.20,72
2022-01-12 10:16:43.623,,26,13,65.70,28.20,72
2022-01-12 10:17:43.906,,26,13,65.70,28.20,72
2022-01-12 10:18:44.186,,26,14,65.70,28.20,72
2022-01-12 10:19:44.468,,26,13,65.70,28.20,72
2022-01-12 10:20:44.750,,26,13,65.80,28.20,72
2022-01-12 10:21:45.031,,26,10,65.80,28.20,72
2022-01-12 10:22:45.313,,26,10,65.80,28.20,72
2022-01-12 10:23:45.594,,26,13,65.80,28.20,72
2022-01-12 10:24:45.876,,26,13,65.70,28.20,72
2022-01-12 10:25:46.157,,26,12,65.70,28.20,72
2022-01-12 10:26:46.438,,26,15,65.70,28.20,72
2022-01-12 10:27:46.719,,26,15,65.70,28.20,72
2022-01-12 10:28:47.001,,26,15,65.70,28.20,72
2022-01-12 10:29:47.282,,26,9,65.80,28.20,72
2022-01-12 10:30:47.564,,26,10,65.80,28.20,72
2022-01-12 10:31:47.845,,26,10,65.80,28.20,72
2022-01-12 10:32:48.127,,26,10,65.80,28.20,72
2022-01-12 10:33:48.408,,26,11,65.80,28.20,72
2022-01-12 10:34:48.689,,26,10,65.80,28.20,72
2022-01-12 10:35:48.971,,26,11,65.80,28.20,72
2022-01-12 10:36:49.251,,26,10,65.80,28.20,72
2022-01-12 10:37:49.534,,26,10,65.80,28.20,72
2022-01-12 10:38:49.815,,26,10,65.80,28.20,72
2022-01-12 10:39:50.096,,26,10,65.80,28.20,72
2022-01-12 10:40:50.378,,26,9,65.80,28.20,72
2022-01-12 10:41:50.659,,26,10,65.80,28.20,72
2022-01-12 10:42:50.941,,26,10,65.80,28.20,72
2022-01-12 10:43:51.222,,26,10,65.80,28.20,72
2022-01-12 10:44:51.504,,26,10,65.90,28.20,72
2022-01-12 10:45:51.784,,26,10,65.80,28.20,72
2022-01-12 10:46:52.066,,26,10,65.80,28.20,72
2022-01-12 10:47:52.348,,26,9,65.80,28.20,72
2022-01-12 10:48:52.629,,26,10,65.80,28.20,72
2022-01-12 10:49:52.910,,26,10,65.70,28.10,72
2022-01-12 10:50:53.192,,26,9,65.80,28.20,72
2022-01-12 10:51:53.473,,26,10,65.70,28.10,72
2022-01-12 10:52:53.755,,26,11,65.80,28.20,72
2022-01-12 10:53:54.036,,26,11,65.80,28.20,72
2022-01-12 10:54:54.318,,26,11,65.70,28.10,72
2022-01-12 10:55:54.599,,26,12,65.80,28.10,72
2022-01-12 10:56:54.880,,26,13,65.70,28.10,72
2022-01-12 10:57:55.161,,26,17,65.80,28.10,72
2022-01-12 10:58:55.443,,25,14,65.70,28.10,72
2022-01-12 10:59:55.724,,26,13,65.70,28.10,72
2022-01-12 11:00:56.006,,26,12,65.80,28.10,72
2022-01-12 11:01:56.287,,26,13,65.80,28.10,72
2022-01-12 11:02:56.568,,26,12,65.70,28.10,72
2022-01-12 11:03:56.850,,26,13,65.80,28.10,72
2022-01-12 11:04:57.131,,26,12,65.90,28.10,72
2022-01-12 11:05:57.412,,26,11,65.80,28.10,72
2022-01-12 11:06:57.694,,26,11,65.80,28.10,72
2022-01-12 11:07:57.975,,26,11,65.80,28.10,72
2022-01-12 11:08:58.256,,26,11,65.70,28.10,72
2022-01-12 11:09:58.538,,26,12,65.80,28.10,72
2022-01-12 11:10:58.819,,26,11,65.80,28.10,72
2022-01-12 11:11:59.101,,26,12,65.80,28.10,72
2022-01-12 11:12:59.382,,26,12,65.70,28.10,72
2022-01-12 11:13:59.663,,26,12,65.70,28.10,71
2022-01-12 11:14:59.945,,26,14,65.70,28.10,71
2022-01-12 11:16:00.226,,26,13,65.80,28.10,71
2022-01-12 11:17:00.507,,26,13,65.70,28.10,72
2022-01-12 11:18:00.789,,26,17,65.80,28.10,72
2022-01-12 11:19:01.070,,26,17,65.80,28.10,72
2022-01-12 11:20:01.351,,26,17,65.80,28.10,72
2022-01-12 11:21:01.633,,26,16,65.90,28.10,71
2022-01-12 11:22:01.914,,26,14,65.80,28.10,71
2022-01-12 11:23:02.196,,26,12,65.80,28.10,72
2022-01-12 11:24:02.478,,26,16,65.80,28.10,71
2022-01-12 11:25:02.758,,26,16,65.80,28.10,71
2022-01-12 11:26:03.040,,26,16,65.80,28.10,71
2022-01-12 11:27:03.321,,26,15,65.70,28.10,72
2022-01-12 11:28:03.602,,26,14,65.80,28.20,71
2022-01-12 11:29:03.884,,26,15,65.80,28.10,71
2022-01-12 11:30:04.165,,26,12,65.80,28.10,72
2022-01-12 11:31:04.447,,26,13,65.80,28.10,71
2022-01-12 11:32:04.728,,26,13,65.80,28.10,71
2022-01-12 11:33:05.010,,26,13,65.80,28.10,72
2022-01-12 11:34:05.291,,26,15,65.80,28.10,72
2022-01-12 11:35:05.572,,26,12,65.80,28.10,71
2022-01-12 11:36:05.854,,26,12,65.80,28.10,72
2022-01-12 11:37:06.135,,26,12,65.80,28.10,71
2022-01-12 11:38:06.416,,26,13,65.70,28.10,71
2022-01-12 11:39:06.698,,26,13,65.70,28.10,71
2022-01-12 11:40:06.979,,26,13,65.80,28.10,71
2022-01-12 11:41:07.260,,26,18,65.70,28.10,71
2022-01-12 11:42:07.543,,26,13,65.70,28.10,71
2022-01-12 11:43:07.823,,26,17,65.70,28.10,72
2022-01-12 11:44:08.104,,26,17,65.80,28.10,71
2022-01-12 11:45:08.386,,26,18,65.80,28.10,71
2022-01-12 11:46:08.667,,26,17,65.80,28.10,71
2022-01-12 11:47:08.949,,26,17,65.80,28.10,72
2022-01-12 11:48:09.230,,26,17,65.80,28.10,71
2022-01-12 11:49:09.511,,26,17,65.80,28.10,71
2022-01-12 11:50:09.792,,26,12,65.80,28.10,71
2022-01-12 11:51:10.075,,26,14,65.90,28.20,71
2022-01-12 11:52:10.355,,26,17,65.80,28.10,71
2022-01-12 11:53:10.637,,26,14,65.80,28.10,71
2022-01-12 11:54:10.918,,26,14,65.80,28.10,71
2022-01-12 11:55:11.199,,26,12,65.90,28.10,72
2022-01-12 11:56:11.481,,26,11,65.90,28.20,71
2022-01-12 11:57:11.762,,26,12,65.80,28.20,72
2022-01-12 11:58:12.045,,26,12,65.80,28.20,71
2022-01-12 11:59:12.325,,26,12,65.80,28.10,71
2022-01-12 12:00:12.607,,26,12,65.90,28.20,71
2022-01-12 12:01:12.888,,26,11,65.90,28.20,72
2022-01-12 12:02:13.170,,26,12,65.80,28.20,72
2022-01-12 12:03:13.450,,26,15,65.80,28.20,71
2022-01-12 12:04:13.732,,26,17,65.80,28.20,71
2022-01-12 12:05:14.013,,26,17,65.80,28.20,71
2022-01-12 12:06:14.295,,26,12,65.80,28.10,72
2022-01-12 12:07:14.576,,26,12,65.80,28.20,72
2022-01-12 12:08:14.857,,26,16,65.80,28.20,71
2022-01-12 12:09:15.140,,26,13,65.80,28.20,71
2022-01-12 12:10:15.420,,26,13,65.70,28.10,72
2022-01-12 12:11:15.703,,26,13,65.80,28.20,71
2022-01-12 12:12:15.983,,26,13,65.80,28.20,72
2022-01-12 12:13:16.264,,26,13,65.70,28.10,71
2022-01-12 12:14:16.546,,26,18,65.80,28.10,71
2022-01-12 12:15:16.827,,26,15,65.70,28.10,71
2022-01-12 12:16:17.109,,26,12,65.80,28.10,71
2022-01-12 12:17:17.390,,26,17,65.80,28.10,71
2022-01-12 12:18:17.672,,26,13,65.80,28.20,72
2022-01-12 12:19:17.953,,26,17,65.80,28.10,71
2022-01-12 12:20:18.235,,26,12,65.80,28.10,71
2022-01-12 12:21:18.515,,26,12,65.80,28.10,71
2022-01-12 12:22:18.797,,26,11,65.80,28.20,71
2022-01-12 12:23:19.078,,26,12,65.80,28.10,71
2022-01-12 12:24:19.360,,26,14,65.80,28.20,71
2022-01-12 12:25:19.641,,26,14,65.80,28.10,71
2022-01-12 12:26:19.922,,26,17,65.90,28.20,71
2022-01-12 12:27:20.205,,26,14,65.80,28.10,71
2022-01-12 12:28:20.485,,26,13,65.90,28.20,71
2022-01-12 12:29:20.767,,26,13,65.80,28.10,71
2022-01-12 12:30:21.048,,26,12,65.80,28.10,71
2022-01-12 12:31:21.330,,26,13,65.90,28.20,71
2022-01-12 12:32:21.610,,26,13,65.90,28.20,71
2022-01-12 12:33:21.892,,26,14,65.90,28.20,71
2022-01-12 12:34:22.173,,26,16,65.80,28.10,71
2022-01-12 12:35:22.454,,26,17,65.90,28.20,71
2022-01-12 12:36:22.737,,26,17,65.90,28.20,71
2022-01-12 12:37:23.017,,26,17,65.90,28.20,71
2022-01-12 12:38:23.299,,26,17,65.90,28.20,71
2022-01-12 12:39:23.580,,26,17,66.00,28.20,71
2022-01-12 12:40:23.862,,26,14,66.00,28.20,71
2022-01-12 12:41:24.142,,26,13,66.00,28.20,71
2022-01-12 12:42:24.424,,26,13,65.90,28.20,71
2022-01-12 12:43:24.706,,26,13,65.90,28.20,71
2022-01-12 12:44:24.986,,26,13,66.00,28.20,71
2022-01-12 12:45:25.268,,26,14,65.90,28.20,71
2022-01-12 12:46:25.549,,26,13,65.90,28.20,71
2022-01-12 12:47:25.831,,26,15,66.00,28.20,71
2022-01-12 12:48:26.111,,26,15,66.00,28.20,71
2022-01-12 12:49:26.394,,26,14,65.90,28.20,71
2022-01-12 12:50:26.674,,26,16,66.00,28.20,71
2022-01-12 12:51:26.955,,26,14,65.90,28.20,71
2022-01-12 12:52:27.237,,26,13,65.90,28.20,71
2022-01-12 12:53:27.518,,26,13,65.90,28.20,71
2022-01-12 12:54:27.800,,26,14,65.90,28.20,71
2022-01-12 12:55:28.081,,26,14,66.00,28.20,71
2022-01-12 12:56:28.363,,26,14,66.10,28.20,71
2022-01-12 12:57:28.643,,26,14,66.00,28.20,71
2022-01-12 12:58:28.926,,26,14,66.10,28.20,71
2022-01-12 12:59:29.206,,26,14,66.00,28.20,71
2022-01-12 13:00:29.488,,26,14,65.90,28.20,71
2022-01-12 13:01:29.769,,26,13,66.00,28.20,71
2022-01-12 13:02:30.050,,26,13,66.00,28.20,71
2022-01-12 13:03:30.332,,26,15,66.00,28.20,71
2022-01-12 13:04:30.613,,26,14,66.10,28.20,71
2022-01-12 13:05:30.895,,26,14,66.00,28.20,71
2022-01-12 13:06:31.175,,26,14,66.00,28.20,71
2022-01-12 13:07:31.458,,26,14,66.00,28.20,71
2022-01-12 13:08:31.738,,26,13,66.00,28.20,71
2022-01-12 13:09:32.020,,26,13,66.00,28.20,71
2022-01-12 13:10:32.301,,26,13,66.10,28.20,71
2022-01-12 13:11:32.582,,26,13,66.00,28.20,71
2022-01-12 13:12:32.864,,26,13,66.00,28.20,71
2022-01-12 13:13:33.144,,26,13,66.00,28.20,71
2022-01-12 13:14:33.427,,26,13,66.00,28.20,71
2022-01-12 13:15:33.707,,26,13,66.00,28.20,71
2022-01-12 13:16:33.989,,26,13,66.00,28.20,71
2022-01-12 13:17:34.270,,26,13,66.00,28.20,71
2022-01-12 13:18:34.552,,26,13,66.00,28.20,71
2022-01-12 13:19:34.833,,26,13,66.00,28.20,71
2022-01-12 13:20:35.114,,26,13,66.00,28.20,71
2022-01-12 13:21:35.396,,26,13,66.00,28.20,71
2022-01-12 13:22:35.676,,26,13,66.00,28.20,71
2022-01-12 13:23:35.959,,26,13,66.00,28.20,71
2022-01-12 13:24:36.239,,26,14,66.00,28.20,71
2022-01-12 13:25:36.521,,26,685,66.00,28.20,71
2022-01-12 13:26:36.802,,26,748,66.00,28.20,71
2022-01-12 13:27:37.084,,26,740,66.30,28.20,71
2022-01-12 13:28:37.364,,26,742,66.40,28.30,71
2022-01-12 13:29:37.646,,26,735,66.00,28.30,71
2022-01-12 13:30:37.928,,26,743,66.10,28.30,71
2022-01-12 13:31:38.209,,26,705,66.10,28.30,71
2022-01-12 13:32:38.491,,26,721,66.10,28.30,71
2022-01-12 13:33:38.772,,26,708,66.10,28.30,71
2022-01-12 13:34:39.054,,26,713,66.10,28.30,71
2022-01-12 13:35:39.335,,26,731,65.90,28.30,71
2022-01-12 13:36:39.617,,26,702,66.50,28.30,71
2022-01-12 13:37:39.899,,26,723,66.40,28.40,71
2022-01-12 13:38:40.180,,26,727,66.30,28.40,71
2022-01-12 13:39:40.462,,26,716,66.30,28.40,71
2022-01-12 13:40:40.742,,26,697,66.40,28.40,71
2022-01-12 13:41:41.025,,26,740,66.30,28.40,71
2022-01-12 13:42:41.305,,26,738,66.30,28.40,71
2022-01-12 13:43:41.588,,26,700,66.30,28.40,71
2022-01-12 13:44:41.868,,26,713,66.40,28.40,71
2022-01-12 13:45:42.151,,26,700,66.60,28.40,71
2022-01-12 13:46:42.431,,26,704,67.00,28.50,71
2022-01-12 13:47:42.714,,26,734,66.90,28.50,71
2022-01-12 13:48:42.996,,25,743,67.10,28.50,71
2022-01-12 13:49:43.276,,26,717,67.90,28.60,71
2022-01-12 13:50:43.559,,25,740,67.30,28.70,71
2022-01-12 13:51:43.839,,26,717,67.00,28.70,71
2022-01-12 13:52:44.122,,26,712,66.80,28.70,71
2022-01-12 13:53:44.402,,26,728,67.00,28.70,71
2022-01-12 13:54:44.685,,26,707,67.00,28.70,71
2022-01-12 13:55:44.965,,26,718,66.90,28.70,71
2022-01-12 13:56:45.248,,26,689,67.20,28.70,71
2022-01-12 13:57:45.529,,26,714,67.50,28.70,71
2022-01-12 13:58:45.810,,26,736,67.20,28.70,71
2022-01-12 13:59:46.092,,26,741,67.20,28.70,71
2022-01-12 14:00:46.373,,26,741,67.20,28.60,71
2022-01-12 14:01:46.655,,26,738,67.20,28.60,71
2022-01-12 14:02:46.935,,26,727,67.30,28.60,71
2022-01-12 14:03:47.218,,26,712,67.30,28.60,71
2022-01-12 14:04:47.499,,26,743,67.30,28.70,71
2022-01-12 14:05:47.781,,26,720,67.20,28.60,71
2022-01-12 14:06:48.062,,26,746,67.30,28.60,71
2022-01-12 14:07:48.343,,25,729,67.30,28.70,71
2022-01-12 14:08:48.625,,26,709,67.40,28.70,71
2022-01-12 14:09:48.905,,26,706,67.30,28.70,71
2022-01-12 14:10:49.187,,26,703,67.30,28.70,71
2022-01-12 14:11:49.468,,26,707,67.50,28.70,71
2022-01-12 14:12:49.751,,26,739,67.40,28.70,71
2022-01-12 14:13:50.031,,26,731,67.50,28.70,71
2022-01-12 14:14:50.314,,26,736,67.50,28.70,71
2022-01-12 14:15:50.595,,25,734,67.50,28.70,71
2022-01-12 14:16:50.877,,25,719,68.30,28.70,71
2022-01-12 14:17:51.158,,26,726,68.10,28.80,71
2022-01-12 14:18:51.439,,25,715,67.70,28.80,71
2022-01-12 14:19:51.721,,26,735,67.50,28.80,71
2022-01-12 14:20:52.001,,25,744,67.30,28.80,71
2022-01-12 14:21:52.284,,25,744,68.30,28.80,71
2022-01-12 14:22:52.564,,25,727,68.50,28.80,71
2022-01-12 14:23:52.846,,25,722,69.30,28.80,71
2022-01-12 14:24:53.127,,25,703,70.30,28.80,71
2022-01-12 14:25:53.409,,25,710,70.20,28.80,71
2022-01-12 14:26:53.690,,25,737,70.50,28.80,71
2022-01-12 14:27:53.970,,26,709,69.90,28.80,71
2022-01-12 14:28:54.253,,25,713,69.70,28.80,71
2022-01-12 14:29:54.533,,26,734,69.80,28.80,71
2022-01-12 14:30:54.816,,26,13,69.70,28.80,71
2022-01-12 14:31:55.096,,25,13,69.50,28.80,71
2022-01-12 14:32:55.378,,26,14,69.70,28.80,71
2022-01-12 14:33:55.660,,26,14,70.40,28.80,71
2022-01-12 14:34:55.941,,26,13,70.20,28.80,71
2022-01-12 14:35:56.222,,25,13,69.80,28.80,71
2022-01-12 14:36:56.504,,26,13,69.80,28.80,71
2022-01-12 14:37:56.785,,26,13,69.40,28.70,71
2022-01-12 14:38:57.066,,25,13,69.20,28.70,71
2022-01-12 14:39:57.348,,26,13,69.30,28.80,71
2022-01-12 14:40:57.628,,26,13,69.30,28.70,71
2022-01-12 14:41:57.911,,26,13,69.20,28.70,71
2022-01-12 14:42:58.193,,25,13,69.30,28.70,71
2022-01-12 14:43:58.474,,26,11,69.20,28.70,71
2022-01-12 14:44:58.756,,26,13,69.10,28.70,71
2022-01-12 14:45:59.037,,26,13,69.00,28.70,71
2022-01-12 14:46:59.319,,26,13,69.00,28.70,71
2022-01-12 14:47:59.599,,25,13,69.00,28.70,71
2022-01-12 14:48:59.882,,25,13,69.00,28.70,71
2022-01-12 14:50:00.163,,26,13,69.00,28.70,71
2022-01-12 14:51:00.444,,25,13,68.90,28.70,71
2022-01-12 14:52:00.726,,25,12,68.90,28.70,71
2022-01-12 14:53:01.007,,26,12,68.80,28.70,71
2022-01-12 14:54:01.289,,25,12,68.80,28.70,71
2022-01-12 14:55:01.570,,26,12,68.80,28.70,71
2022-01-12 14:56:01.852,,26,12,68.80,28.70,71
2022-01-12 14:57:02.132,,26,12,68.80,28.70,71
2022-01-12 14:58:02.415,,26,12,68.70,28.70,71
2022-01-12 14:59:02.696,,26,12,68.60,28.70,71
2022-01-12 15:00:02.978,,25,12,68.60,28.70,71
2022-01-12 15:01:03.259,,26,12,68.60,28.70,71
2022-01-12 15:02:03.540,,25,12,68.50,28.70,71
2022-01-12 15:03:03.822,,26,12,68.50,28.70,71
2022-01-12 15:04:04.104,,26,12,68.50,28.70,71
2022-01-12 15:05:04.385,,26,12,68.50,28.70,71
2022-01-12 15:06:04.666,,26,12,68.50,28.70,71
2022-01-12 15:07:04.949,,26,12,68.40,28.70,71
2022-01-12 15:08:05.229,,26,12,68.40,28.70,71
2022-01-12 15:09:05.512,,26,12,68.40,28.70,71
2022-01-12 15:10:05.793,,26,12,68.30,28.70,71
2022-01-12 15:11:06.075,,26,12,68.30,28.70,71
2022-01-12 15:12:06.356,,26,12,68.30,28.70,71
2022-01-12 15:13:06.638,,26,12,68.30,28.70,71
2022-01-12 15:14:06.919,,26,11,68.20,28.70,70
2022-01-12 15:15:07.201,,26,12,68.20,28.70,70
2022-01-12 15:16:07.483,,26,12,68.10,28.70,70
2022-01-12 15:17:07.763,,26,708,68.20,28.70,70
2022-01-12 15:18:08.045,,25,736,68.10,28.70,70
2022-01-12 15:19:08.327,,26,741,68.00,28.70,70
2022-01-12 15:20:08.609,,25,699,68.10,28.70,70
2022-01-12 15:21:08.890,,26,695,68.10,28.70,70
2022-01-12 15:22:09.172,,26,694,68.10,28.70,70
2022-01-12 15:23:09.453,,26,736,68.00,28.70,70
2022-01-12 15:24:09.735,,26,699,67.90,28.70,70
2022-01-12 15:25:10.016,,26,701,67.90,28.80,70
2022-01-12 15:26:10.297,,26,723,68.00,28.80,70
2022-01-12 15:27:10.579,,25,721,67.80,28.80,69
2022-01-12 15:28:10.860,,25,736,67.60,28.80,66
2022-01-12 15:29:11.141,,25,712,67.40,28.90,65
2022-01-12 15:30:11.423,,26,698,67.40,28.90,68
2022-01-12 15:31:11.704,,25,715,67.30,28.90,68
2022-01-12 15:32:11.985,,26,695,67.10,28.90,68
2022-01-12 15:33:12.267,,25,725,67.00,28.90,69
2022-01-12 15:34:12.548,,25,701,67.00,29.00,68
2022-01-12 15:35:12.829,,25,724,66.90,29.00,68
2022-01-12 15:36:13.111,,26,735,66.90,29.00,68
2022-01-12 15:37:13.392,,25,735,67.30,29.00,69
2022-01-12 15:38:13.674,,26,12,67.60,29.00,68
2022-01-12 15:39:13.955,,25,12,68.60,29.00,69
2022-01-12 15:40:14.236,,25,12,68.40,29.00,69
2022-01-12 15:41:14.518,,26,12,71.70,29.00,69
2022-01-12 15:42:14.799,,25,12,68.70,29.00,69
2022-01-12 15:43:15.080,,26,10,68.70,28.90,69
2022-01-12 15:44:15.362,,26,10,68.90,28.90,69
2022-01-12 15:45:15.643,,26,12,68.70,28.90,69
2022-01-12 15:46:15.925,,26,12,69.20,28.90,69
2022-01-12 15:47:16.206,,25,12,68.90,28.90,69
2022-01-12 15:48:16.487,,25,13,68.70,28.90,69
2022-01-12 15:49:16.769,,25,13,68.80,28.90,69
2022-01-12 15:50:17.050,,26,13,68.80,28.90,69
2022-01-12 15:51:17.331,,25,10,68.60,28.90,69
2022-01-12 15:52:17.613,,25,11,68.60,28.90,69
2022-01-12 15:53:17.894,,25,10,68.70,29.00,69
2022-01-12 15:54:18.175,,25,12,68.70,28.90,69
2022-01-12 15:55:18.457,,25,11,68.80,28.90,69
2022-01-12 15:56:18.738,,26,13,68.90,28.90,69
2022-01-12 15:57:19.019,,25,13,69.00,28.90,69
2022-01-12 15:58:19.301,,26,14,69.00,28.90,69
2022-01-12 15:59:19.582,,25,13,69.10,28.90,69
2022-01-12 16:00:19.864,,25,13,69.00,28.90,69
2022-01-12 16:01:20.145,,26,13,69.10,28.90,69
2022-01-12 16:02:20.426,,25,13,69.10,28.90,69
2022-01-12 16:03:20.708,,25,13,69.00,28.80,69
2022-01-12 16:04:20.989,,25,13,69.00,28.90,69
2022-01-12 16:05:21.271,,26,13,68.90,28.90,69
2022-01-12 16:06:21.552,,25,13,68.90,28.90,69
2022-01-12 16:07:21.833,,25,13,68.90,28.90,70
2022-01-12 16:08:22.115,,25,13,68.90,28.90,69
2022-01-12 16:09:22.396,,25,12,68.80,28.90,69
2022-01-12 16:10:22.677,,25,13,68.80,28.90,69
2022-01-12 16:11:22.958,,25,14,68.70,28.90,70
2022-01-12 16:12:23.240,,25,13,68.70,28.90,69
2022-01-12 16:13:23.522,,25,13,68.70,28.90,70
2022-01-12 16:14:23.803,,26,13,68.70,28.90,69
2022-01-12 16:15:24.084,,26,14,68.70,28.90,70
2022-01-12 16:16:24.366,,25,13,68.60,28.90,69
2022-01-12 16:17:24.647,,26,14,68.60,28.90,70
2022-01-12 16:18:24.928,,25,14,68.60,28.90,70
2022-01-12 16:19:25.210,,26,13,68.60,28.90,70
2022-01-12 16:20:25.491,,26,14,68.50,28.90,70
2022-01-12 16:21:25.772,,26,13,68.50,28.90,70
2022-01-12 16:22:26.055,,25,13,68.40,28.90,70
2022-01-12 16:23:26.335,,26,13,68.50,28.90,70
2022-01-12 16:24:26.617,,26,14,68.40,28.90,70
2022-01-12 16:25:26.898,,25,14,68.40,28.90,70
2022-01-12 16:26:27.179,,25,13,68.40,28.90,70
2022-01-12 16:27:27.460,,25,13,68.40,28.90,70
2022-01-12 16:28:27.742,,26,13,68.30,28.90,70
2022-01-12 16:29:28.023,,25,14,68.30,28.90,70
2022-01-12 16:30:28.305,,25,14,68.30,28.90,70
2022-01-12 16:31:28.597,,25,13,68.40,29.00,70
2022-01-12 16:32:28.867,,25,14,68.30,28.90,70
2022-01-12 16:33:29.149,,25,13,68.30,29.00,70
2022-01-12 16:34:29.430,,25,13,68.30,29.00,70
2022-01-12 16:35:29.711,,25,10,68.20,29.00,70
2022-01-12 16:36:29.993,,25,11,68.20,29.00,70
2022-01-12 16:37:30.274,,25,13,68.20,29.00,70
2022-01-12 16:38:30.555,,25,14,68.20,29.00,70
2022-01-12 16:39:30.837,,25,14,68.20,29.00,70
2022-01-12 16:40:31.119,,26,13,68.20,29.00,70
2022-01-12 16:41:31.400,,25,14,68.20,29.00,70
2022-01-12 16:42:31.681,,26,14,68.20,29.00,70
2022-01-12 16:43:31.962,,26,14,68.20,29.00,70
2022-01-12 16:44:32.244,,26,13,68.10,29.00,70
2022-01-12 16:45:32.525,,26,14,68.10,29.00,70
2022-01-12 16:46:32.807,,25,14,68.00,29.00,70
2022-01-12 16:47:33.088,,25,14,68.00,29.00,70
2022-01-12 16:48:33.369,,25,13,68.00,29.00,70
2022-01-12 16:49:33.652,,26,14,68.00,29.00,70
2022-01-12 16:50:33.932,,26,14,68.00,29.00,70
2022-01-12 16:51:34.214,,26,14,68.00,29.00,70
2022-01-12 16:52:34.495,,25,14,68.00,29.00,69
2022-01-12 16:53:34.776,,25,13,68.00,29.00,70
2022-01-12 16:54:35.057,,25,14,68.00,29.00,70
2022-01-12 16:55:35.338,,25,14,67.90,29.00,70
2022-01-12 16:56:35.620,,26,14,67.90,29.00,70
2022-01-12 16:57:35.901,,25,14,67.90,29.00,70
2022-01-12 16:58:36.183,,25,13,67.90,29.00,70
2022-01-12 16:59:36.464,,26,13,67.90,29.00,69
2022-01-12 17:00:36.746,,26,14,67.90,29.10,70
2022-01-12 17:01:37.027,,25,14,67.80,29.00,70
2022-01-12 17:02:37.308,,26,14,67.80,29.00,70
2022-01-12 17:03:37.589,,26,13,67.80,29.00,70
2022-01-12 17:04:37.871,,25,14,67.80,29.00,70
2022-01-12 17:05:38.152,,25,13,67.90,29.10,70
2022-01-12 17:06:38.433,,26,14,67.80,29.00,69
2022-01-12 17:07:38.716,,25,9,67.80,29.00,70
2022-01-12 17:08:38.996,,25,9,67.80,29.10,69
2022-01-12 17:09:39.278,,26,10,67.80,29.10,69
2022-01-12 17:10:39.559,,25,14,67.70,29.00,70
2022-01-12 17:11:39.840,,25,14,67.70,29.00,70
2022-01-12 17:12:40.122,,25,14,67.80,29.10,70
2022-01-12 17:13:40.403,,26,14,67.80,29.10,70
2022-01-12 17:14:40.684,,25,14,67.80,29.10,70
2022-01-12 17:15:40.966,,25,14,67.70,29.00,69
2022-01-12 17:16:41.248,,25,14,67.70,29.10,70
2022-01-12 17:17:41.528,,25,15,67.70,29.10,69
2022-01-12 17:18:41.811,,25,14,67.70,29.10,70
2022-01-12 17:19:42.091,,25,14,67.70,29.10,70
2022-01-12 17:20:42.373,,25,13,67.70,29.10,70
2022-01-12 17:21:42.654,,25,13,67.70,29.10,70
2022-01-12 17:22:42.935,,25,13,67.70,29.10,70
2022-01-12 17:23:43.218,,25,13,67.70,29.10,70
2022-01-12 17:24:43.499,,25,14,67.60,29.10,70
2022-01-12 17:25:43.780,,25,14,67.60,29.10,70
2022-01-12 17:26:44.061,,25,14,67.60,29.10,70
2022-01-12 17:27:44.343,,25,14,67.60,29.10,70
2022-01-12 17:28:44.623,,25,14,67.60,29.10,70
2022-01-12 17:29:44.905,,26,14,67.60,29.10,70
2022-01-12 17:30:45.187,,25,14,67.60,29.10,70
2022-01-12 17:31:45.467,,26,13,67.60,29.10,70
2022-01-12 17:32:45.748,,26,14,67.60,29.10,70
2022-01-12 17:33:46.030,,25,14,67.60,29.10,70
2022-01-12 17:34:46.312,,26,14,67.60,29.10,70
2022-01-12 17:35:46.592,,26,13,67.60,29.10,70
2022-01-12 17:36:46.875,,25,14,67.60,29.10,70
2022-01-12 17:37:47.155,,25,13,67.60,29.20,70
2022-01-12 17:38:47.437,,25,14,67.60,29.20,70
2022-01-12 17:39:47.718,,26,13,67.60,29.20,70
2022-01-12 17:40:47.999,,25,13,67.50,29.10,70
2022-01-12 17:41:48.280,,25,14,67.60,29.20,70
2022-01-12 17:42:48.562,,25,14,67.50,29.20,70
2022-01-12 17:43:48.844,,25,14,67.50,29.20,70
2022-01-12 17:44:49.124,,25,13,67.50,29.20,70
2022-01-12 17:45:49.406,,25,14,67.50,29.20,70
2022-01-12 17:46:49.687,,26,13,67.50,29.20,70
2022-01-12 17:47:49.969,,25,14,67.50,29.20,70
2022-01-12 17:48:50.249,,26,14,67.50,29.20,70
2022-01-12 17:49:50.532,,25,14,67.50,29.20,70
2022-01-12 17:50:50.813,,25,13,67.40,29.20,70
2022-01-12 17:51:51.093,,26,14,67.50,29.20,70
2022-01-12 17:52:51.376,,25,14,67.40,29.20,70
2022-01-12 17:53:51.656,,25,14,67.40,29.20,70
2022-01-12 17:54:51.938,,25,14,67.40,29.20,70
2022-01-12 17:55:52.218,,25,13,67.50,29.30,70
2022-01-12 17:56:52.501,,25,14,67.40,29.20,70
2022-01-12 17:57:52.781,,25,13,67.40,29.20,70
2022-01-12 17:58:53.063,,25,14,67.40,29.20,70
2022-01-12 17:59:53.344,,25,14,67.30,29.20,70
2022-01-12 18:00:53.625,,26,13,67.30,29.20,70
2022-01-12 18:01:53.907,,25,13,67.30,29.20,70
2022-01-12 18:02:54.187,,25,14,67.30,29.20,70
2022-01-12 18:03:54.469,,25,13,67.30,29.20,70
2022-01-12 18:04:54.750,,25,14,67.30,29.20,70
2022-01-12 18:05:55.032,,25,14,67.40,29.30,70
2022-01-12 18:06:55.312,,25,14,67.30,29.20,70
2022-01-12 18:07:55.594,,25,14,67.30,29.20,70
2022-01-12 18:08:55.874,,25,13,67.30,29.30,70
2022-01-12 18:09:56.156,,25,14,67.30,29.30,70
2022-01-12 18:10:56.438,,25,14,67.30,29.30,70
2022-01-12 18:11:56.718,,25,14,67.30,29.30,70
2022-01-12 18:12:57.001,,25,14,67.30,29.30,70
2022-01-12 18:13:57.281,,25,14,67.30,29.30,70
2022-01-12 18:14:57.563,,25,14,67.30,29.30,70
2022-01-12 18:15:57.843,,25,13,67.30,29.30,70
2022-01-12 18:16:58.126,,25,14,67.20,29.30,70
2022-01-12 18:17:58.406,,25,14,67.20,29.30,70
2022-01-12 18:18:58.687,,25,14,67.30,29.30,70
2022-01-12 18:19:58.970,,25,14,67.20,29.30,70
2022-01-12 18:20:59.250,,25,13,67.30,29.30,70
2022-01-12 18:21:59.532,,25,14,67.20,29.30,70
2022-01-12 18:22:59.812,,25,14,67.20,29.30,70
2022-01-12 18:24:00.094,,25,14,67.20,29.30,70
2022-01-12 18:25:00.375,,25,14,67.20,29.30,70
2022-01-12 18:26:00.657,,25,14,67.20,29.30,70
2022-01-12 18:27:00.937,,25,14,67.20,29.30,70
2022-01-12 18:28:01.219,,25,14,67.20,29.30,70
2022-01-12 18:29:01.500,,25,14,67.20,29.30,70
2022-01-12 18:30:01.781,,25,13,67.20,29.30,70
2022-01-12 18:31:02.063,,25,14,67.20,29.30,70
2022-01-12 18:32:02.343,,25,14,67.20,29.40,70
2022-01-12 18:33:02.625,,25,14,67.10,29.30,70
2022-01-12 18:34:02.906,,25,14,67.20,29.40,70
2022-01-12 18:35:03.188,,25,14,67.10,29.30,70
2022-01-12 18:36:03.468,,25,14,67.10,29.30,70
2022-01-12 18:37:03.751,,25,14,67.20,29.40,70
2022-01-12 18:38:04.032,,25,14,67.20,29.40,70
2022-01-12 18:39:04.312,,25,14,67.10,29.30,70
2022-01-12 18:40:04.595,,26,14,67.20,29.40,70
2022-01-12 18:41:04.875,,25,14,67.10,29.40,70
2022-01-12 18:42:05.158,,25,14,67.10,29.40,70
2022-01-12 18:43:05.438,,26,14,67.10,29.40,70
2022-01-12 18:44:05.720,,25,14,67.10,29.40,70
2022-01-12 18:45:06.001,,25,13,67.10,29.40,70
2022-01-12 18:46:06.283,,26,14,67.10,29.40,70
2022-01-12 18:47:06.564,,25,14,67.10,29.40,70
2022-01-12 18:48:06.845,,25,14,67.10,29.40,70
2022-01-12 18:49:07.127,,25,14,67.10,29.40,70
2022-01-12 18:50:07.408,,25,13,67.10,29.40,70
2022-01-12 18:51:07.690,,25,13,67.10,29.40,70
2022-01-12 18:52:07.970,,25,13,67.10,29.40,70
2022-01-12 18:53:08.253,,25,12,67.00,29.40,70
2022-01-12 18:54:08.534,,25,12,67.00,29.40,70
2022-01-12 18:55:08.816,,25,12,67.00,29.40,70
2022-01-12 18:56:09.097,,25,11,67.00,29.40,70
2022-01-12 18:57:09.378,,25,12,67.00,29.40,70
2022-01-12 18:58:09.660,,25,12,67.00,29.40,70
2022-01-12 18:59:09.940,,25,12,67.00,29.50,70
2022-01-12 19:00:10.223,,25,13,67.00,29.50,70
2022-01-12 19:01:10.503,,25,14,67.00,29.40,70
2022-01-12 19:02:10.786,,26,13,67.00,29.50,70
2022-01-12 19:03:11.066,,25,13,67.00,29.50,70
2022-01-12 19:04:11.348,,25,13,67.00,29.50,70
2022-01-12 19:05:11.630,,25,13,67.00,29.50,70
2022-01-12 19:06:11.911,,25,13,67.00,29.50,70
2022-01-12 19:07:12.193,,26,13,67.00,29.50,70
2022-01-12 19:08:12.473,,25,14,66.90,29.40,70
2022-01-12 19:09:12.755,,25,14,67.00,29.50,70
2022-01-12 19:10:13.036,,26,12,66.90,29.50,70
2022-01-12 19:11:13.318,,26,13,66.90,29.50,70
2022-01-12 19:12:13.599,,26,13,66.90,29.50,70
2022-01-12 19:13:13.881,,25,12,66.90,29.50,70
2022-01-12 19:14:14.163,,25,12,66.90,29.50,70
2022-01-12 19:15:14.444,,25,12,66.90,29.50,70
2022-01-12 19:16:14.729,,25,12,66.90,29.50,70
2022-01-12 19:17:15.006,,25,12,66.90,29.50,70
2022-01-12 19:18:15.289,,25,12,66.90,29.50,70
2022-01-12 19:19:15.569,,25,11,66.90,29.50,70
2022-01-12 19:20:15.852,,25,12,66.90,29.50,70
2022-01-12 19:21:16.133,,25,11,66.90,29.50,70
2022-01-12 19:22:16.415,,26,11,66.90,29.60,70
2022-01-12 19:23:16.696,,26,10,66.90,29.50,70
2022-01-12 19:24:16.978,,25,11,66.90,29.50,70
2022-01-12 19:25:17.259,,25,11,66.90,29.50,70
2022-01-12 19:26:17.541,,25,12,66.80,29.50,70
2022-01-12 19:27:17.822,,26,11,66.80,29.50,70
2022-01-12 19:28:18.102,,26,11,66.80,29.50,70
2022-01-12 19:29:18.385,,25,11,66.80,29.50,70
2022-01-12 19:30:18.665,,25,10,66.90,29.60,70
2022-01-12 19:31:18.948,,25,11,66.80,29.60,70
2022-01-12 19:32:19.229,,25,11,66.90,29.60,70
2022-01-12 19:33:19.510,,25,10,66.80,29.60,70
2022-01-12 19:34:19.791,,26,10,66.80,29.60,70
2022-01-12 19:35:20.073,,26,11,66.80,29.60,70
2022-01-12 19:36:20.354,,25,10,66.80,29.60,70
2022-01-12 19:37:20.635,,26,9,66.80,29.60,70
2022-01-12 19:38:20.917,,26,9,66.80,29.60,70
2022-01-12 19:39:21.197,,25,9,66.80,29.60,70
2022-01-12 19:40:21.480,,26,8,66.80,29.60,70
2022-01-12 19:41:21.761,,26,8,66.80,29.60,70
2022-01-12 19:42:22.042,,25,8,66.70,29.60,70
2022-01-12 19:43:22.323,,26,8,66.70,29.60,70
2022-01-12 19:44:22.605,,26,9,66.70,29.60,70
2022-01-12 19:45:22.886,,25,10,66.70,29.60,70
2022-01-12 19:46:23.167,,26,9,66.70,29.60,70
2022-01-12 19:47:23.449,,26,9,66.70,29.60,70
2022-01-12 19:48:23.730,,25,8,66.70,29.60,70
2022-01-12 19:49:24.011,,26,9,66.70,29.60,70
2022-01-12 19:50:24.293,,26,8,66.70,29.60,70
2022-01-12 19:51:24.574,,25,8,66.70,29.60,70
2022-01-12 19:52:24.855,,26,8,66.70,29.60,70
2022-01-12 19:53:25.137,,26,678,66.70,29.60,70
2022-01-12 19:54:25.418,,25,707,66.70,29.60,70
2022-01-12 19:55:25.699,,25,657,68.40,29.70,72
2022-01-12 19:56:25.981,,26,670,69.00,29.70,72
2022-01-12 19:57:26.263,,26,644,67.60,29.80,72
2022-01-12 19:58:31.238,,25,615,69.20,29.80,72
